:020000040800F2
:10000000702C002491030008D17400082B6E0008A6
:10001000CD740008B70600083D820008000000000B
:10002000000000000000000000000000D77400087D
:100030000D07000800000000D5740008D9740008FE
:10004000AB030008AB030008AB030008AB030008D8
:10005000AB030008AB030008AB030008AB030008C8
:10006000AB030008AB030008AB030008AB030008B8
:10007000BD060008CD060008DD060008ED060008F4
:10008000AB030008AB030008AB0300083907000806
:1000900049070008AB030008AB030008AB030008E6
:1000A000AB030008AB030008AB030008AB03000878
:1000B000AB030008AB030008C1750008AB030008E0
:1000C000AB030008AB030008AB030008AB03000858
:1000D000AB0300082D820008AB030008AB03000847
:1000E0000F070008AB03000800000000AB03000886
:1000F000AB030008AB030008AB030008AB03000828
:10010000AB030008AB030008D1750008AB0300087F
:10011000AB0300088D780008AB030008AB030008B0
:10012000FD060008AB030008AB030008AB030008A2
:10013000AB030008AB030008AB030008AB030008E7
:1001400000000000000000000000000000000000AF
:10015000AB030008AB030008AB030008AB030008C7
:10016000AB030008AB030008AB030008AB030008B7
:10017000AB030008AB030008AB030008000000005D
:10018000AB030008AB030008AB030008AB03000897
:10019000AB030008AB030008AB030008AB03000887
:1001A000AB030008AB030008AB030008000000002D
:1001B000AB030008AB030008AB030008AB03000867
:1001C000AB030008AB0300080000000000000000C3
:1001D0000000000000000000AB0300080000000069
:1001E000000000000000000000000000000000000F
:1001F0000000000000000000AB030008AB03000893
:10020000AB030008AB03000800000000AB030008CC
:10021000AB030008AB030008AB030008AB03000806
:10022000AB03000800000000AB0300080000000062
:10023000AB030008AB03000800000000AB0300089C
:10024000AB030008AB030008AB030008AB030008D6
:10025000AB030008AB030008AB030008AB030008C6
:10026000AB030008AB030008AB030008AB030008B6
:10027000AB030008AB030008AB030008000000005C
:10028000AB030008AB030008AB030008AB03000896
:1002900000000000AB030008AB03000800000000F2
:1002A00000000000AB030008AB030008AB0300082C
:1002B0001D820008AB030008AB030008AB03000875
:1002C000AB030008AB030008AB03000800F002F822
:1002D00000F04EF80AA090E8000C82448344AAF192
:1002E0000107DA4501D100F043F8AFF2090EBAE890
:1002F0000F0013F0010F18BFFB1A43F0010318475A
:1003000078AA000098AA00000A4410F8014B14F0E3
:100310000F0508BF10F8015B240908BF10F8014B56
:100320006D1E05D010F8013B6D1E01F8013BF9D19F
:10033000641E03D0641E01F8015BFBD19142E4D33B
:10034000704700000023002400250026103A28BF33
:1003500078C1FBD8520728BF30C148BF0B60704737
:100360001FB50AF083FC00F04BF91FBD10B510BD9E
:1003700000F06CF91146FFF7F3FF0AF019FC00F0EA
:100380008AF903B4FFF7F2FF03BC00F08DF9000017
:100390000948804709480047FEE7FEE7FEE7FEE719
:1003A000FEE7FEE7FEE7FEE7FEE7FEE70448054955
:1003B000054A064B70470000E1740008CD020008B2
:1003C00070260024702C002470280024702800243B
:1003D00053EA020C00F069802DE9F04B4FF0000663
:1003E000002B1FBFB3FA83F503FA05F424FA05F6D0
:1003F0005E4012BF1643B2FA82F502FA05F4C5F167
:1004000020051EBF22FA05FC44EA0C04203556EAFA
:10041000044C4FEA144418BF641C4FF000084FF01E
:100420000009904271EB030C39D3002919BFB1FACE
:1004300081F701FA07F6B0FA80F700FA07F6C7F17C
:1004400020071EBF20FA07FC46EA0C062037B6FB41
:10045000F4FCA7EB0507103F07F01F0BCBF12006BC
:100460000CFA0BFB2CFA06F644BFB3460026202FED
:10047000A4BF5E464FF0000B5BEA060C08BF4FF0CE
:10048000010B19EB0B09ABFB027C48EB0608C01B08
:1004900006FB02CC0BFB03CC71EB0C01C1E70B4656
:1004A000024641464846BDE8F08B13B54FF00000C8
:1004B0004FF00001AFF30080BDE81C407047032AF5
:1004C00040F2308010F0030C00F0158011F8013B71
:1004D000BCF1020F624498BF11F801CB00F8013B58
:1004E00038BF11F8013BA2F1040298BF00F801CB1C
:1004F00038BF00F8013B11F0030300F02580083AF3
:10050000C0F0088051F8043B083A51F804CBA0E849
:100510000810F5E7121D5CBF51F8043B40F8043B9E
:10052000AFF30080D20724BF11F8013B11F801CBD3
:1005300048BF11F8012B24BF00F8013B00F801CBA4
:1005400048BF00F8012B704710B5203AC0F00B806F
:10055000B1E81850203AA0E81850B1E81850A0E8C7
:100560001850BFF4F5AF5FEA027C24BFB1E8185021
:10057000A0E8185044BF18C918C0BDE810405FEA91
:10058000827C24BF51F8043B40F8043B08BF70470D
:10059000D20728BF31F8023B48BF11F8012B28BF12
:1005A00020F8023B48BF00F8012B70474FF00002D3
:1005B00000B5134694469646203922BFA0E80C5059
:1005C000A0E80C50B1F12001BFF4F7AF090728BF34
:1005D000A0E80C5048BF0CC05DF804EB890028BFB0
:1005E00040F8042B08BF704748BF20F8022B11F0D9
:1005F000804F18BF00F8012B704770477047704755
:1006000070B5064C7C44064D7D4403E020682044D0
:100610008047241DAC42F9D170BD000090A70000B6
:1006200090A7000010B500F009F8006810BD10B5E3
:10063000044600F003F8046010BD00000048704755
:100640001026002400487047102600247546FFF746
:10065000F9FFAE4605006946534620F0070085467F
:1006600018B020B5FFF7A2FEBDE820404FF000060D
:100670004FF000074FF000084FF0000B21F007018A
:10068000AC46ACE8C009ACE8C009ACE8C009ACE8CD
:10069000C0098D46704710B50446AFF30080204670
:1006A000BDE81040FFF76DBE01491820ABBEFEE764
:1006B00026000200704700BFFEE7000010B50248A8
:1006C00000F084FC10BD00008806002410B502482C
:1006D00000F07CFC10BD00000007002410B50248AB
:1006E00000F074FC10BD00007807002410B502482B
:1006F00000F06CFC10BD0000F007002410B50248AB
:1007000000F064FC10BD000010060024704710B516
:100710004FF4806002F0FEFD4FF4006002F0FAFD3D
:100720004FF4805002F0F6FD4FF4804002F0F2FDED
:1007300010BD72B600BFFEE710B5024802F046F8E1
:1007400010BD00004401002410B5024802F03EF83C
:1007500010BD0000E40100242DE9F041044602F040
:10076000EDFE804614B90120BDE8F08194F8350013
:10077000022808D08020606500BF002084F8340083
:1007800000BF0120F0E7FE492068884249D0FC49BB
:1007900018312068884244D0F949303120688842B5
:1007A0003FD0F7494831206888423AD0F449603157
:1007B0002068884235D0F24978312068884230D0AC
:1007C000EF499031206888422BD0ED49A83120684C
:1007D000884226D0EB492068884222D0E949183166
:1007E000206888421DD0E74930312068884218D0FF
:1007F000E44948312068884213D0E24960312068DA
:1008000088420ED0DF4978312068884209D0DD491E
:1008100090312068884204D0DA49A83120688842A3
:1008200001D1012000E0002068B12068006820F0BC
:100830001E00216808602068406920F0800021685F
:100840004861256806E02068006820F00E002168F5
:1008500008602568CA492068884270D0C8491831A4
:10086000206888426BD0C64930312068884266D003
:10087000C34948312068884261D0C149603120684D
:1008800088425CD0BE4978312068884257D0BC4944
:1008900090312068884252D0B949A83120688842F6
:1008A0004DD0B8492068884249D0B64918312068EF
:1008B000884244D0B3493031206888423FD0B149A2
:1008C0004831206888423AD0AE4960312068884279
:1008D00035D0AC4978312068884230D0A949903170
:1008E000206888422BD0A749A8312068884226D0AA
:1008F000A5492068884222D0A34914312068884243
:100900001DD0A14928312068884218D09E493C3129
:100910002068884213D09C495031206888420ED00C
:10092000994964312068884209D097497831206814
:10093000884204D094498C312068884201D101203A
:1009400000E0002028B1206E006820F48070216E45
:1009500008608B492068884249D08949183120684D
:10096000884244D086493031206888423FD084494B
:100970004831206888423AD08149603120688842F5
:1009800035D07F4978312068884230D07C49903119
:10099000206888422BD07A49A8312068884226D026
:1009A00078492068884222D07649183120688842E8
:1009B0001DD0744930312068884218D071494831BF
:1009C0002068884213D06F496031206888420ED079
:1009D0006C4978312068884209D06A499031206892
:1009E000884204D06749A8312068884206D120682F
:1009F000006820F001002168086005E020680068B8
:100A000020F001002168086011E002F097FDA0EBE2
:100A1000080005280BD920206065032084F83500E4
:100A200000BF002084F8340000BF01209CE6286845
:100A300000F001000028E8D151492068884249D0DF
:100A40004F4918312068884244D04D4930312068E0
:100A500088423FD04A494831206888423AD04849C4
:100A600060312068884235D0454978312068884215
:100A700030D043499031206888422BD04049A8317A
:100A80002068884226D03F492068884222D03D49CC
:100A90001831206888421DD03A4930312068884298
:100AA00018D0384948312068884213D03549603120
:100AB000206888420ED0334978312068884209D0B6
:100AC000304990312068884204D02E49A8312068EE
:100AD000884201D1012000E0002040B1A66D94F8C9
:100AE0005C0000F01F013F208840B06007E0A76D68
:100AF00094F85C0000F01F010120884078602049D4
:100B00002068884276D01E4918312068884271D00A
:100B10001B493031206888426CD01949483120681F
:100B2000884267D0164960312068884262D01449F3
:100B30007831206888425DD0114990312068884220
:100B400058D00F49A8312068884253D00D492068F9
:100B500088424FD00B491831206888424AD0094951
:100B600030312068884245D00649483120688842A3
:100B700040D004496031206888423BD0014905E0FB
:100B800010000240100402400854025878312068D6
:100B900088422FD02549206888422BD0234918311C
:100BA0002068884226D022492068884222D02049E5
:100BB0001431206888421DD01D49283120688842A0
:100BC00018D01B493C312068884213D01849503155
:100BD000206888420ED0164964312068884209D0C6
:100BE000134978312068884204D011498C3120683B
:100BF000884201D1012000E0002068B1D4E9191039
:100C00004860E06E40B1E06E006820F48070E16EF4
:100C10000860D4E91C104860012084F8350000BF4A
:100C2000002084F8340000BF00BF9DE5A00402400E
:100C30000854025870B504460CB9012070BD94F8F0
:100C40003500022803D0802060650120F6E7DC49EA
:100C50002068884249D0DA4918312068884244D057
:100C6000D7493031206888423FD0D5494831206883
:100C700088423AD0D24960312068884235D0D04984
:100C800078312068884230D0CD4990312068884240
:100C90002BD0CB49A8312068884226D0C94920688A
:100CA000884222D0C7491831206888421DD0C549E2
:100CB00030312068884218D0C249483120688842C3
:100CC00013D0C0496031206888420ED0BD497831C8
:100CD0002068884209D0BB4990312068884204D0FE
:100CE000B849A8312068884201D1012000E00020E5
:100CF000F0B3042084F83500B149206888424BD015
:100D0000AF4918312068884246D0AD49303120685B
:100D1000884241D0AA494831206888423CD0A8493D
:100D200060312068884237D0A549783120688842F0
:100D300032D0A3499031206888422DD0A049A831F3
:100D40002068884228D09F492068884224D09D4945
:100D50001831206888421FD09A4930312068884273
:100D60001AD0984948312068884215D0954900E04A
:100D700020E06031206888420ED0924978312068A6
:100D8000884209D08F4990312068884204D08D492B
:100D9000A8312068884206D12068006820F0010050
:100DA0002168086009E12068006820F001002168DE
:100DB000086002E12068006820F00E0021680860E9
:100DC0007F492068884249D07D491831206888428F
:100DD00044D07B493031206888423FD0784948313F
:100DE000206888423AD0764960312068884235D000
:100DF000734978312068884230D071499031206839
:100E000088422BD06E49A8312068884226D06D498F
:100E10002068884222D06B491831206888421DD052
:100E2000684930312068884218D0664948312068C6
:100E3000884213D063496031206888420ED06149EE
:100E400078312068884209D05E4990312068884214
:100E500004D05C49A8312068884206D12068006827
:100E600020F001002168086005E02068006820F09B
:100E700001002168086052492068884270D05049BA
:100E80001831206888426BD04D4930312068884243
:100E900066D04B4948312068884261D0484960316A
:100EA000206888425CD0464978312068884257D013
:100EB000434990312068884252D04149A831206886
:100EC00088424DD03F492068884249D03D49183179
:100ED0002068884244D03B493031206888423FD066
:100EE00038494831206888423AD036496031206814
:100EF000884235D0334978312068884230D0314932
:100F00009031206888422BD02E49A8312068884231
:100F100026D02D492068884222D02B4914312068E0
:100F200088421DD0284928312068884218D0264997
:100F30003C312068884213D02349503120688842D0
:100F40000ED0214964312068884209D01E49783189
:100F50002068884204D01C498C312068884201D125
:100F6000012000E00020D8B1206E006820F48070DD
:100F7000216E0860A56D94F85C0000F01F0101204F
:100F800088406860D4E919104860E06E40B1E06EB6
:100F9000006820F48070E16E0860D4E91C1048609D
:100FA000012084F8350000BF002084F8340000BF21
:100FB000206D10B12046216D884700203EE60000DC
:100FC0001000024010040240085402582DE9F84F66
:100FD000044600200090FE4800684FF41651B0FB14
:100FE000F1FAA66DD4F858803768D8F80090F9491E
:100FF0002068884249D0F74918312068884244D097
:10100000F4493031206888423FD0F24948312068A5
:1010100088423AD0EF4960312068884235D0ED49A6
:1010200078312068884230D0EA499031206888427F
:101030002BD0E849A8312068884226D0E6492068AC
:10104000884222D0E4491831206888421DD0E24904
:1010500030312068884218D0DF4948312068884202
:1010600013D0DD496031206888420ED0DA497831EA
:101070002068884209D0D84990312068884204D03D
:10108000D549A8312068884201D1012000E0002024
:1010900000287DD094F85C0000F01F0108208840F3
:1010A0003840002868D0CB492068884249D0C949D7
:1010B00018312068884244D0C649303120688842BF
:1010C0003FD0C4494831206888423AD0C149603194
:1010D0002068884235D0BF4978312068884230D0B6
:1010E000BC499031206888422BD0BA49A831206889
:1010F000884226D0B8492068884222D0B6491831A3
:10110000206888421DD0B44930312068884218D008
:10111000B14948312068884213D0AF496031206816
:1011200088420ED0AC4978312068884209D0AA495B
:1011300090312068884204D0A749A83120688842AD
:1011400004D12068006800F0040003E02068006813
:1011500000F0080080B12068006820F004002168D9
:10116000086094F85C0000F01F0108208840B0601F
:10117000606D40F00100606594F85C0000F01F01B4
:10118000012088403840E8B392492068884200E056
:10119000B7E24BD08F4918312068884246D08D493C
:1011A00030312068884241D08A49483120688842DD
:1011B0003CD0884960312068884237D085497831F1
:1011C0002068884232D083499031206888422DD0EF
:1011D0008049A8312068884228D07F492068884209
:1011E00024D07D491831206888421FD07A49303197
:1011F000206888421AD0784948312068884215D042
:10120000754900E026E06031206888420ED07249BE
:1012100078312068884209D06F499031206888422F
:1012200004D06D49A8312068884204D12068406903
:1012300000F0800002E020680068002050B194F8BF
:101240005C0000F01F0101208840B060606D40F03C
:101250000200606594F85C0000F01F0104208840E3
:101260003840E8B35B49206888424BD0594918316F
:101270002068884246D0574930312068884241D0A2
:1012800054494831206888423CD052496031206836
:10129000884237D04F4978312068884232D04D4952
:1012A0009031206888422DD04A49A8312068884270
:1012B00028D049492068884224D0474918312068FD
:1012C00088421FD044493031206888421AD04249B0
:1012D00048312068884215D03F496031206800E0DD
:1012E00024E088420ED03C4978312068884209D0F9
:1012F000394990312068884204D03749A8312068A4
:10130000884204D12068006800F0020002E02068F2
:101310000068002050B194F85C0000F01F01042028
:101320008840B060606D40F00400606594F85C0037
:1013300000F01F01102088403840E8B3254920689C
:10134000884251D023491831206888424CD0214925
:1013500030312068884247D01E4948312068884291
:1013600042D01C496031206888423DD0194978310B
:101370002068884238D0174990312068884233D09D
:101380001449A831206888422ED013492068884229
:101390002AD0114918312068884225D00E493031B1
:1013A0002068884220D00C494831206888421BD0F0
:1013B00009496031206800E04DE0884214D00649B8
:1013C0007831206888420FD003499031206805E0C9
:1013D000100000241000024010040240884203D094
:1013E000FE492068884204D12068006800F00800A7
:1013F00003E02068006800F0040060B394F85C002B
:1014000000F01F0110208840B0602068006800F4E0
:10141000802080B12068006800F4002028B9206C8A
:10142000C8B12046216C884715E0A06C98B12046D1
:10143000A16C88470FE02068006800F4807028B92C
:101440002068006820F0080021680860206C10B156
:101450002046216C884794F85C0000F01F01202092
:101460008840384000287DD0DD492068884249D036
:10147000DB4918312068884244D0D949303120688E
:1014800088423FD0D6494831206888423AD0D44972
:1014900060312068884235D0D1497831206888424F
:1014A00030D0CF499031206888422BD0CC49A83128
:1014B0002068884226D0C949A8392068884221D0AE
:1014C000C6499039206888421CD0C44978392068C0
:1014D000884217D0C14960392068884212D0BF497C
:1014E0004839206888420DD0BC493039206888428C
:1014F00008D0BA4918392068884203D0B749206813
:10150000884204D12068006800F0100003E02068E1
:10151000006800F0020028B394F85C0000F01F019E
:1015200020208840B06094F8350004282DD1206830
:10153000006820F01600216808602068406920F0EB
:10154000800021684861206C08B9A06C28B120682F
:10155000006820F008002168086094F85C0000F042
:101560001F0100E03FE03F208840B060012084F888
:10157000350000BF002084F8340000BF206D10B19A
:101580002046216D8847BDE8F88F2068006800F488
:10159000802080B12068006800F4002028B9606CC9
:1015A00008B32046616C88471DE0E06BD8B1204647
:1015B000E16B884717E02068006800F4807068B924
:1015C0002068006820F0100021680860012084F87D
:1015D000350000BF002084F8340000BFE06B10B17C
:1015E0002046E16B8847606D00287AD0606D00F07E
:1015F0000100E8B3042084F8350079492068884266
:101600004BD0774918312068884246D07449303130
:101610002068884241D072494831206888423CD0D5
:101620006F4960312068884237D06D497831206831
:10163000884232D06A499031206888422DD068496A
:10164000A8312068884228D06449A8392068884297
:1016500023D062499039206888421ED05F4978398A
:101660002068884219D05D4960392068884200E0CE
:1016700040E012D059494839206888420DD0574976
:1016800030392068884208D0544918392068884287
:1016900003D052492068884206D12068006820F0B3
:1016A00001002168086005E02068006820F0010062
:1016B0002168086000BF0098401C0090504500D988
:1016C00005E02068006800F001000028F3D100BFA9
:1016D0002068006800F0010020B1032084F8350084
:1016E00003E00DE0012084F8350000BF002084F8FD
:1016F000340000BFE06C002802D02046E16C88472F
:10170000D9E138492068884222D03649143120680E
:1017100088421DD0334928312068884218D0314989
:101720003C312068884213D02E49503120688842CD
:101730000ED02C4964312068884209D0294978317B
:101740002068884204D027498C312068884201D122
:10175000012000E000200028D2D02068056894F81D
:101760005C0000F01F010420884000EA0900D8B3A3
:1017700005F00400C0B394F85C0000F01F010420E1
:101780008840C8F8040005F4004080B105F48030BA
:1017900030B9A06C0028B3D02046A16C88478AE1FC
:1017A000206C0028ACD02046216C884783E105F0EE
:1017B0002000E8BB0A492068884253D00849183104
:1017C000206888424ED0064930312068884249D08E
:1017D000034948312068884244D006E0B8040240FA
:1017E00010000240085402584FE0B44960312068AC
:1017F000884237D0B14978312068884232D0AF4929
:101800009031206888422DD0AC49A83120688842A8
:1018100028D0AB492068884224D0A94918312068D3
:1018200088421FD0A6493031206888421AD000E093
:1018300025E0A34948312068884213D0A04960318F
:10184000206888420ED09E4978312068884209D0AD
:101850009B4990312068884204D09949A83120687A
:10186000884206D12068006820F0080021680860DE
:1018700005E02068006820F0040021680860206C02
:1018800010B32046216C884715E194F85C0000F005
:101890001F010220884000EA0900E8B305F00200B9
:1018A000D0B394F85C0000F01F0102208840C8F813
:1018B000040005F4004070B105F4803028B9606C74
:1018C00010B12046616C8847F5E0E06BF0B320462C
:1018D000E16B8847EFE005F02000C0BB7749206846
:1018E00088424ED0754918312068884249D07349E2
:1018F00030312068884244D070494831206888429D
:101900003FD06E496031206888423AD06B497831C7
:101910002068884235D000E04EE068499031206868
:1019200088422ED06549A8312068884229D0644970
:101930002068884225D0624918312068884220D02A
:101940005F493031206888421BD001E06EE02DE015
:101950005B4948312068884213D05949603120687A
:1019600088420ED0564978312068884209D05449BF
:1019700090312068884204D05149A83120688842BB
:1019800006D12068006820F014002168086005E096
:101990002068006820F00A0021680860012084F8AF
:1019A000350000BF002084F8340000BFE06BE8B3CE
:1019B0002046E16B88477EE094F85C0000F01F0150
:1019C0000820884000EA090080B305F0080068B3E9
:1019D0003A49206888424BD03849183120688842FB
:1019E00046D0364930312068884241D033494831A9
:1019F000206888423CD0314960312068884237D025
:101A00002E4978312068884232D02C4990312068A4
:101A100088422DD02949A8312068884228D02849F9
:101A20002068884224D02649183100E043E020682D
:101A300088421DD0224930312068884218D0204980
:101A400048312068884213D01D496031206888429F
:101A50000ED01B4978312068884209D0184990314E
:101A60002068884204D01649A8312068884206D1EF
:101A70002068006820F01C002168086005E02068EC
:101A8000006820F00E002168086094F85C0000F007
:101A90001F0101208840C8F804000120606584F817
:101AA000350000BF002084F8340000BFE06C10B1A6
:101AB0002046E16C884700BF65E500001000024049
:101AC000100402402DE9F041044601F037FD804644
:101AD00014B90120BDE8F081FE492068884249D050
:101AE000FC4918312068884244D0FA4930312068D6
:101AF00088423FD0F7494831206888423AD0F549BA
:101B000060312068884235D0F249783120688842B7
:101B100030D0F0499031206888422BD0ED49A8316F
:101B20002068884226D0EC492068884222D0EA49C1
:101B30001831206888421DD0E7493031206888423A
:101B400018D0E54948312068884213D0E249603115
:101B5000206888420ED0E04978312068884209D058
:101B6000DD4990312068884204D0DB49A8312068E3
:101B7000884201D1012000E00020002873D0606A73
:101B800000B100BF022084F8350000BF002084F8B7
:101B9000340000BFCF492068884249D0CD49183170
:101BA0002068884244D0CB493031206888423FD0F9
:101BB000C8494831206888423AD0C6496031206817
:101BC000884235D0C34978312068884230D0C14935
:101BD0009031206888422BD0BE49A83120688842C5
:101BE00026D0BD492068884222D0BB4918312068E0
:101BF00088421DD0B84930312068884218D0B64993
:101C000048312068884213D0B34960312068884247
:101C10000ED0B14978312068884209D0AE49903160
:101C20002068884204D0AC49A8312068884206D197
:101C30002068006820F001002168086005E0206845
:101C4000006820F00100216808600DE001F076FCDA
:101C5000A0EB0800052807D920206065032084F840
:101C60003500012036E769E02068006800F00100D7
:101C70000028EBD12068056898480540D4E90201A6
:101C800008432169084361690843A1690843E16980
:101C90000843216A08430543606A042803D1D4E954
:101CA0000B01084305436068292802D360682E2889
:101CB00017D960683F2802D36068422811D960684C
:101CC000472802D3606848280BD960684F2802D3A0
:101CD0006068522805D96068742804D36068772842
:101CE00001D8012000E0002008B145F480152068EB
:101CF00005602068456925F00705606A0543606A4C
:101D000004280DD1A06A0543E06A48B1204607F0D7
:101D100059FF28B140206065012084F83500D9E6DC
:101D200020684561204607F0A5FF064694F85C0050
:101D300000F01F013F208840B0609EE068492068A5
:101D4000884222D066491431206888421DD06449F7
:101D500028312068884218D061493C312068884287
:101D600013D05F495031206888420ED05C496431FD
:101D70002068884209D05A4978312068884204D0C6
:101D800057498C312068884201D1012000E00020B1
:101D9000E0B353492068884222D051491431206869
:101DA00088421DD04E4928312068884218D04C49BD
:101DB0003C312068884213D049495031206888421C
:101DC0000ED0474964312068884209D044497831AF
:101DD0002068884204D042498C312068884201D171
:101DE000012000E0002000B100BF022084F835008F
:101DF00000BF002084F8340000BF2068056839481F
:101E00000540A068402802D1102106E02EE0A0681D
:101E1000802801D1C10100E00021E06841EAD00141
:101E2000206941EAD001606941EAD001A06941EA34
:101E3000D001E06941EAD001206A41EA101005436F
:101E40002068056026492068401A1421B0FBF1F093
:101E50008000E065204607F00DFF074694F85C001F
:101E600000F01F0101208840786006E04020606596
:101E7000032084F8350001202CE6164920688842AA
:101E80007AD0144918312068884275D01149303110
:101E90002068884270D00F494831206888426BD052
:101EA0000C4960312068884266D00A497831206840
:101EB000884261D007499031206888425CD005494A
:101EC000A8312068884257D003492068884253D0FF
:101ED000014909E010000240100402403F8010FE5A
:101EE000085402580F00FEFF18312068884243D082
:101EF0003749206888423FD03549183120688842E8
:101F00003AD0334930312068884235D030494831A1
:101F10002068884230D02E496031206888422BD01A
:101F20002B4978312068884226D02A492068884287
:101F300022D028491431206888421DD025492831F3
:101F40002068884218D023493C312068884213D049
:101F500020495031206888420ED01E4964312068E3
:101F6000884209D01B4978312068884204D0194939
:101F70008C312068884201D1012000E0002000B3AC
:101F8000204607F0EDFEA068802801D100206060A7
:101F90002079216E0860D4E919104860606860B14A
:101FA0006068082809D8204607F03CFF0020E16E51
:101FB0000860D4E91C10486003E00020E066206758
:101FC000606700206065012084F83500002081E50D
:101FD00040040240085402582DE9F04104460D46E1
:101FE00016461F464FF0000814B90120BDE8F081E5
:101FF00000BF94F83400012801D10220F6E7012047
:1020000084F8340000BF94F8350001287ED1022006
:1020100084F8350000206065E4492068884249D092
:10202000E24918312068884244D0E04930312068C4
:1020300088423FD0DD494831206888423AD0DB49A8
:1020400060312068884235D0D8497831206888428C
:1020500030D0D6499031206888422BD0D349A8315E
:102060002068884226D0D2492068884222D0D049B0
:102070001831206888421DD0CD493031206888420F
:1020800018D0CB4948312068884213D0C849603104
:10209000206888420ED0C64978312068884209D02D
:1020A000C34990312068884204D0C149A8312068D2
:1020B000884206D12068006820F00100216808608D
:1020C00005E02068006820F00100216808603B46B8
:1020D00032462946204607F03BFCB4492068884236
:1020E0004BD0B24918312068884246D0AF493031D0
:1020F0002068884241D0AD494831206888423CD0B0
:10210000AA4960312068884237D000E042E1A749FF
:1021100078312068884230D0A449903120688842C4
:102120002BD0A249A8312068884226D0A049206837
:10213000884222D09E491831206888421DD09C498F
:1021400030312068884218D0994948312068884247
:1021500013D097496031206888420ED09449783175
:102160002068884209D0924990312068884204D082
:102170008F49A8312068884201D1012000E0002069
:1021800080B12068006820F01E0040F01600216831
:102190000860206CB0B12068006840F00800216839
:1021A00008600FE02068006820F00E0040F00A0090
:1021B00021680860206C28B12068006840F00400A5
:1021C0002168086079492068884270D077491831C1
:1021D000206888426BD0754930312068884266D0CB
:1021E000724948312068884261D070496031206866
:1021F00088425CD06D4978312068884257D06B495D
:1022000090312068884252D06849A83120688842BD
:102210004DD067492068884249D065491831206807
:10222000884244D062493031206888423FD06049BA
:102230004831206888423AD05D4960312068884240
:1022400035D05B4978312068884230D05849903188
:10225000206888422BD05649A8312068884226D071
:1022600054492068884222D052491431206888425B
:102270001DD0504928312068884218D04D493C3142
:102280002068884213D04B495031206888420ED0D4
:10229000484964312068884209D04649783120682D
:1022A000884204D043498C312068884201D1012002
:1022B00000E0002090B1206E006800F4803028B16A
:1022C000206E006840F48070216E0860E06E28B1D6
:1022D000E06E006840F48070E16E08603349206869
:1022E000884249D0314918312068884244D02F496A
:1022F0003031206888423FD02C49483120688842DC
:102300003AD02A4960312068884235D0274978314F
:102310002068884230D025499031206888422BD0EF
:102320002249A8312068884226D021492068884265
:1023300022D01F491831206888421DD01C493031F5
:102340002068884218D01A4948312068884213D042
:1023500017496031206888420ED0154978312068CD
:10236000884209D0124990312068884204D010492F
:10237000A8312068884206D12068006840F001003A
:102380002168086010E02068006840F001002168C2
:10239000086009E04FF40060606500BF002084F829
:1023A000340000BF4FF0010840461FE61000024015
:1023B000100402400854025830B5034693F8984080
:1023C000012C01D0022C3ED11868806D084030B934
:1023D0001868C06D40F001001D68E8650EE01868DF
:1023E000806D0840884206D11868C06D40F0020038
:1023F0001D68E86502E003201D68E86501F40070CF
:1024000030B11868D0F8E00010431D68C5F8E0004E
:1024100001F4806030B11868D0F8E40010431D6802
:10242000C5F8E40000BF1868406D0B4D0D4028430F
:102430001D6868650948006840EA9170074D28608A
:1024400000BF002030BDD3F89C0040F00200C3F86C
:102450009C000120F6E70000FFFFCF3F14A80040DA
:102460002DE9F04104460E461746706800B900E0B9
:1024700000BF94F89800022832D12068D0F8C0003C
:1024800000F07C5040B9D4F89C0040F02000C4F823
:102490009C000120BDE8F0812068D0F8C40000F461
:1024A000001038B1D4F89C0040F40070C4F89C00CF
:1024B0000120EFE72068D0F8C400C0F304452B46A4
:1024C0003A463146204607F09BFF0120A84021688C
:1024D000C1F8D0000120A840C4F894000020D9E73A
:1024E000D4F89C0040F00800C4F89C000120D1E71B
:1024F0007047F0B5024692F89860012E01D0022E86
:1025000043D1C868072800D100BF086818BBC86855
:10251000072800D000BFC86807280BD1088A4FF0F1
:10252000605747EA0040CF6940EA07208F6940EAD8
:1025300007040AE0087A80070F7B40EAC7600F8A29
:1025400040EA07404F6940EA0704D76E486807EB46
:1025500080031C6017E0C868072800D000BF0F7B0D
:10256000086940EA4774C868072801D18D6903E00B
:102570000F7A486940EA8775176F486807EBC00310
:102580001C601B1D1D600020F0BDD2F89C0040F0B7
:102590000200C2F89C000120F6E770B50446049DD5
:1025A00094F8980001280AD1080140EA820040EA24
:1025B000430028432668C6F88000002070BDD4F888
:1025C0009C0040F00400C4F89C000120F6E770472E
:1025D000704700002DE9F04304460D469C46002359
:1025E00094F89880B8F1020F74D1402D38D120684A
:1025F000D0F8A00000F4FE0040B9D4F89C0040F0F0
:102600002000C4F89C000120BDE8F0832068D0F8C9
:10261000A40000F07F0038B9D4F89C0040F480702A
:10262000C4F89C000120EFE72068D0F8A400C0F3B4
:10263000006040B12068D0F8A0004FF00109B9EB6C
:10264000D07F00D101232068D0F8A400C0F305207A
:102650000344606C5843D4F8749009EB80014BE05C
:10266000412D38D12068D0F8B00000F4FE0038B910
:10267000D4F89C0040F02000C4F89C000120C3E77F
:102680002068D0F8B40000F07F0038B9D4F89C007E
:1026900040F48070C4F89C000120B5E72068D0F8B1
:1026A000B400C0F3006040B12068D0F8B0004FF033
:1026B0000109B9EBD07F00D101232068D0F8B40024
:1026C000C0F305200344E06C5843D4F8789009EB3C
:1026D000800111E06DE0206DA84207D8D4F89C007D
:1026E00040F02000C4F89C0001208DE7606D684335
:1026F000D4F87C9009EB8001086800F080405060BD
:10270000506820B90868C0F38A40106003E0086888
:1027100020F060401060086800F000509060086889
:1027200000F000401061091D088880B2D06108687F
:10273000C0F30340D060086800F48010506108685E
:1027400000F4001090610868C0F306601062086829
:10275000C00F5062091D0F46002603E0B85D0CF85B
:102760000600761CDFF85C90D06819F80000B042D3
:10277000F4D8402D03D12068C0F8A83017E0412DCF
:1027800003D12068C0F8B83011E0202D06D2012016
:10279000A840D4F80090C9F8980008E005F01F0997
:1027A000012000FA09F0D4F80090C9F89C0000203C
:1027B0002AE7D4F89C0040F00800C4F89C000120EF
:1027C00022E7000080AC0008704700002DE9F04FC0
:1027D0008DB00446EF4800688707EE48001D00688A
:1027E00007EA80772068006D00F470482068406D2B
:1027F00000EA08082068006D00F00F092068406DAD
:1028000000EA09092068006D00F0F00A2068406DB8
:1028100000EA0A0A2068006D00F0715B2068406DD4
:1028200000EA0B0B2068006D00F060700C902068CF
:10283000406D0C9908400C902068456D2068066D2D
:10284000C5F3002070B1C6F3002058B100BF4FF4AB
:102850008070216808650020CE49086000BF2046CE
:10286000FFF7B2FFC5F38020C8B1C6F38020B0B136
:102870002068D0F8DC000A902068D0F8E4000A99BB
:1028800008400A9000BF4FF480602168086500206E
:10289000C049086000BF20460A9900F0ADFC67B14E
:1028A00000BFBD48384021680865B80FB9490860C5
:1028B00000BF39462046FFF71BFEB8F1000F0ED0CF
:1028C00000BFB54808EA0000216808654FEA987023
:1028D000B049086000BF4146204600F08FFCB9F1C6
:1028E000000F0ED000BFAC4809EA0000216808655F
:1028F0004FEA9970A749086000BF4946204600F09A
:10290000BFFBBAF1000F0ED000BFA3480AEA0000D7
:10291000216808654FEA9A709E49086000BF5146D9
:10292000204600F0FBFBC5F3C02070B1C6F3C02009
:1029300058B100BF4FF40060216808650020954938
:10294000086000BF204600F05AFCC5F34020C8B123
:10295000C6F34020B0B12068D0F8D8000B902068B2
:10296000D0F8E0000B9908400B9000BF4FF40070C6
:102970002168086500208749086000BF20460B9940
:1029800000F03BFCC5F3C04070B1C6F3C04058B185
:1029900000BF4FF400202168086500207D490860D1
:1029A00000BF204600F06AFBC5F3004070B1C6F3DB
:1029B000004058B100BF4FF4803021680865002006
:1029C0007449086000BF204600F015FCC5F3804044
:1029D00070B1C6F3804058B100BF4FF48020216829
:1029E000086500206B49086000BF204600F002FC2B
:1029F000C5F3404088B1C6F3404070B100BF4FF40A
:102A000000302168086500206249086000BFD4F8E2
:102A10009C0040F08000C4F89C000C9870B100BF8E
:102A20005D490C980840216808650C98800F594949
:102A3000086000BF20460C99FFF7CAFDBBF1000FEC
:102A400010D000BF54480BEA0000216808654FEA27
:102A50009B705049086000BFD4F89C0040EA0B000E
:102A6000C4F89C004D49206888427DD16068806828
:102A700000F00300002877D06068006A00F00F00C3
:102A800009906068406A0999084009906068006A86
:102A900000F0300008906068406A0899084008908B
:102AA0006068006A00F4C07007906068406A079927
:102AB000084007906068006A00F4FC400690606877
:102AC000406A0699084006906068006A00F4F020A9
:102AD00005906068406A0599084005906068406A02
:102AE00002906068006A0190099830B109986168A5
:102AF00008622046099900F07AFB089830B10898DE
:102B0000616808622046089900F073FB0298C0F3E0
:102B10008010A0B10198C0F3801080B16068C06BD4
:102B2000000C04906068C06B00F03F0003904020F0
:102B3000616808622046DDE9032100F059FB07982F
:102B400030B10798616808622046079900F04EFB93
:102B5000069840B1069861680862D4F89C0006990E
:102B60000843C4F89C0000E00AE0059840B10598CD
:102B700061680862D4F89C0005990843C4F89C0079
:102B8000D4F89C0010B12046FFF721FD0DB0BDE840
:102B9000F08F000010A80040FFFFCF3F00A00040D2
:102BA00070B594B004464C22B34901A8FDF7CCFCA3
:102BB00014B9012014B070BDB0492068884203D117
:102BC000206800F580706060A068B0F5407F00D19B
:102BD00000BF206C00B100BFA06C00B100BF206D31
:102BE00000B100BF206E00B100BFD4E91710084447
:102BF00000B100BF94F8980028B9002084F899002B
:102C0000204600F03DF92068806920F0100021681E
:102C1000886100F093FC05460EE000F08FFC401B3D
:102C20000A2809D99834606840F0010060600320E8
:102C300004F898090120BDE72068806900F00800C9
:102C40000828EAD02068806940F001002168886186
:102C500000F074FC05460EE000F070FC401B0A28F2
:102C600009D99834606840F001006060032004F8DE
:102C7000980901209EE72068806900F00100002883
:102C8000EAD02068806940F0020021688861207CD9
:102C9000012806D12068806920F040002168886101
:102CA00005E02068806940F0400021688861607C10
:102CB000012806D12068806940F48040216888613D
:102CC00005E02068806920F4804021688861A07C4C
:102CD000012806D12068806920F48050216888612D
:102CE00005E02068806940F4805021688861206890
:102CF000806920F44070A1680843216888612068D9
:102D0000806920F0A400216888612068006920F0B3
:102D1000100021680861E068012806D120688069F8
:102D200040F004002168886120E0E068F0B1E068CC
:102D3000022815D02068806940F0800021688861F1
:102D40002068006940F0100021680861E0680328ED
:102D50000CD12068806940F020002168886105E07E
:102D60002068806940F0200021688861207E401E34
:102D70004106E069401E41EA0020216A491E0843DD
:102D8000A18A491E40EA01402168C861A068B0F5E7
:102D9000407F0FD1A06A401EE16A491E40EA01212E
:102DA000206B401E41EA0011A08C401E41EA004009
:102DB0002168C860206E38B12068D0F8C000616E0C
:102DC00008432168C1F8C000D4E91710084460B175
:102DD0002068D0F8C80020F0070001AAA16E52F8C0
:102DE000211008432168C1F8C800206C60B1206838
:102DF000D0F8BC0020F0070001AA616C52F8211045
:102E000008432168C1F8BC00A06C68B12068D0F804
:102E1000BC0020F0700101AAE06C52F8200041EAE9
:102E200000102168C1F8BC00206D68B12068D0F89E
:102E3000BC0020F4E06101AA606D52F8200041EA74
:102E400000202168C1F8BC000C492068884205D1E7
:102E50006068806820F0030061688860002044F8A2
:102E6000940FA06001202071943C204607F030FBB5
:102E7000064630469EE6000090AC000800A00040E8
:102E800010B5B6B00446142130A8FDF78FFBB82169
:102E900002A8FDF78BFB72492068884249D14FF4A4
:102EA00000410020CDE9021048031D9002A800F067
:102EB0009DFE08B1FDF73DFC6A480068401C694969
:102EC00008600846006801280DD100BF6648006808
:102ED00040F48070644908600846006800F480701F
:102EE000019000BF00BF00BF5F480C38006840F091
:102EF00008005D490C3908600846006800F00800C9
:102F0000019000BF00BF03203090022031900020CC
:102F1000329033900920349030A9544800F008FAD8
:102F200000221146132000F09DFB132000F086FBC9
:102F300093E04F492068884249D14FF40041002076
:102F4000CDE9021048031D9002A800F04FFE08B121
:102F5000FDF7EFFB43480068401C42490860084603
:102F6000006801280DD100BF3F48006840F4807020
:102F70003D4908600846006800F48070019000BF79
:102F800000BF00BF38480C38006840F002003649E6
:102F90000C3908600846006800F00200019000BF8C
:102FA00000BF60203090022031900020329033909A
:102FB0000920349030A92F4800F0BAF900221146B8
:102FC000142000F04FFB142000F038FB45E02A49A4
:102FD0002068884241D14FF400410020CDE9021021
:102FE00048031D9002A800F001FE08B1FDF7A1FB07
:102FF0001C480068401C1B490860084600680128FE
:103000000DD100BF1848006840F480701649086070
:103010000846006800F48070019000BF00BF00BF48
:1030200011480C38006840F008000F490C3908605E
:103030000846006800F00800019000BF00BF4FF490
:103040004050309002203190002032903390052083
:10305000349030A9054800F06BF936B010BD00007F
:1030600000A0004000000024EC440258000C02586C
:1030700000A400400004025800D400407047000043
:1030800070B504460D461F492068884210D11E4B7A
:10309000A3F1280240212046FFF79CFA1A482C3859
:1030A000406B70B318482C38416B001D884728E0EE
:1030B00016492068884210D1154BA3F128024021FF
:1030C0002046FFF787FA12482C38406BC8B11048E9
:1030D0002C38416B001D884713E00E492068884258
:1030E0000FD10D4BA3F1280240212046FFF772FAC1
:1030F00009482C38406B20B107482C38416B001D23
:10310000884770BD00A000409408002400A400403F
:10311000CC08002400D400400409002470B5044603
:103120000D461F492068884210D11E4BA3F128028A
:1031300041212046FFF74EFA1A482C38406B70B3F5
:1031400018482C38416B001D884728E01649206834
:10315000884210D1154BA3F1280241212046FFF7E8
:1031600039FA12482C38406BC8B110482C38416BE2
:10317000001D884713E00E49206888420FD10D4B8F
:10318000A3F1280241212046FFF724FA09482C38F0
:10319000406B20B107482C38416B001D884770BD3B
:1031A00000A000409408002400A40040CC080024A3
:1031B00000D4004004090024014691F89800012839
:1031C0000CD1022081F898000868806920F0010085
:1031D0000A6890610020C1F89C007047D1F89C00FB
:1031E00040F00400C1F89C000120F6E770477047EA
:1031F0007047704770477047704770477047704717
:1032000010B50446012C03D132494868804760E07C
:10321000022C03D13049486880475AE0042C03D17E
:103220002E494868804754E0082C03D12C4948684F
:1032300080474EE0102C03D12A494868804748E077
:10324000202C03D128494868804742E0402C03D114
:103250002649486880473CE0802C03D124494868CF
:10326000804736E0B4F5807F03D122494868804723
:103270002FE0B4F5007F03D11F494868804728E05C
:10328000B4F5806F03D11D494868804721E0B4F54B
:10329000006F03D11A49486880471AE0B4F5805F8F
:1032A00003D118494868804713E0B4F5005F03D1A3
:1032B0001549486880470CE0B4F5804F03D11349A5
:1032C0004868804705E0B4F5004F02D110494868CE
:1032D000804710BD98000024A0000024A80000240E
:1032E000B0000024B8000024C0000024C80000245E
:1032F000D0000024D8000024E0000024E8000024CE
:10330000F0000024F800002400010024080100243B
:103310001001002410B5044604480068204020B184
:10332000024804602046FFF76BFF10BD880000587C
:10333000F8B502460B4600216D4DD2E001278F40C3
:103340001E6806EA0704002C72D01E7906F00306F8
:10335000012E04D01E7906F00306022E13D19068C8
:103360004F000326BE40B0434F00DE68BE403043EE
:103370009060506801268E40B0431E79C6F3001657
:103380008E40304350601E7906F00306032E09D0AC
:10339000D0684F000326BE40B0434F009E68BE4039
:1033A0003043D0601E7906F00306022E13D1CF08F9
:1033B00002F1200656F827004E07F70E0F26BE40F2
:1033C000B0434F07FF0E1E69BE403043CF0802F1E5
:1033D000200646F8270010684F000326BE40B04381
:1033E0001E7906F003064F00BE40304310605E6851
:1033F00006F44036002E73D000BF3E4E366846F0CD
:1034000002063C4F3E603E46366806F002060096D5
:1034100000BF00BF384E8F0856F827008E07370FC1
:103420000F26BE40B043354EB24202D1002629E0FD
:1034300056E0334EB24201D1012623E0314EB24272
:1034400001D102261EE0304EB24201D1032619E01E
:103450002E4EB24201D1042614E02D4EB24201D1CB
:1034600005260FE02B4EB24201D106260AE02A4E75
:10347000B24201D1072605E0284EB24201D1092609
:1034800000E00A268F073F0FBE4030431A4E8F08D8
:1034900046F827004FF0B0463068A0435E6806F457
:1034A000801606B120434FF0B04630607068A043EC
:1034B0005E6806F4001606B120434FF0B046706017
:1034C0006868A0435E6806F4003606B12043686071
:1034D0002868A0435E6806F4803606B12043286061
:1034E000491C1E68CE40002E7FF428AFF8BD0000B6
:1034F00080000058F44402580804005800000258A4
:103500000004025800080258000C0258001002582B
:103510000014025800180258001C025800240258D7
:10352000024613690B400BB1012000E000207047F8
:103530000AB1816101E00B048361704701480068B2
:10354000704700000400002403480068034909781C
:103550000844014908607047040000240C0000245E
:1035600010B5032000F0BCF801F07EFB104909689B
:10357000C1F303210F4A515C01F01F0120FA01F44D
:103580000B48006800F00F001146085C00F01F00B7
:1035900024FA00F008490860084804600F2000F091
:1035A0000FF808B1012010BD00F036F80020FAE74E
:1035B0001844025804AD0008140000241000002430
:1035C00070B504461148007808B9012070BD0F4855
:1035D00000784FF47A71B1FBF0F00D490968B1FB46
:1035E000F0F5284602F004F808B10120EEE7102CAF
:1035F00007D200222146501E00F034F8054804602E
:1036000001E00120E2E70020E0E700000C000024D8
:10361000100000240800002408B500BF0648006818
:1036200040F00200044908600846006800F002000B
:10363000009000BF00BF08BDF44402580146084690
:1036400000280DDB00BF00BF00F01F0301229A40DD
:1036500043099B0003F1E023C3F8002100BF00BF32
:1036600000BF70472DE9F05F80460D46164607F013
:1036700053F8074639462A46334601F00700C0F1A1
:10368000070ABAF1040F02D94FF0040A01E0C0F1B1
:10369000070AD14600F1040ABAF1070F02D24FF02F
:1036A000000A01E0A0F1030AD4464FF0010A0AFA29
:1036B00009FAAAF1010A0AEA020A0AFA0CFA4FF018
:1036C000010B0BFA0CFBABF1010B0BEA030B4AEA03
:1036D0000B042146404607F00BF8BDE8F09F0000C0
:1036E00000BF00F00702064B19684FF6FF031940B0
:1036F000044B0B4343EA0221014B196000BF7047A2
:103700000CED00E00000FA0570B5044615480068AD
:10371000C0F3800048B91348006800F00700A042D9
:1037200001D0012070BD0020FCE70E48006820F0A9
:10373000070020430B490860FFF700FF054607E03C
:10374000FFF7FCFE401BB0F57A7F01D90120E9E7C5
:10375000044808380068C0F340300028F0D000204A
:10376000E0E700000C48025810B501F033FA0549B3
:103770000968C1F30211044A515C01F01F01C840FD
:1037800010BD00002044025804AD000870B5014689
:10379000844D2D6805F00303824D2D68C5F3053077
:1037A000804D2D1D2D68C5F300147E4D14352D68F8
:1037B000C5F3CC0515FB04F501EE105AB8EE411A1D
:1037C000F0EE410A00286FD023B1012B4ED0022B1E
:1037D0006BD16BE0734D283D2D68C5F340153DB3AB
:1037E000704D283D2D68C5F3C1066F4D25FA06F2D0
:1037F00001EE102AF8EE411A01EE100AB8EE411A55
:1038000081EE812A9FED691AC0EE811A654D10354F
:103810002D68C5F3080501EE105AB8EE411A31EED5
:10382000811AF7EE001A31EE211A22EE010A1CE08D
:1038300001EE100AB8EE411ADFED5D1A81EE812A21
:103840009FED5A1AC0EE811A564D10352D68C5F3FA
:10385000080501EE105AB8EE411A31EE811AF7EE62
:10386000001A31EE211A22EE010A5BE001EE100A85
:10387000B8EE411ADFED4F1A81EE812A9FED4B1A07
:10388000C0EE811A474D10352D68C5F3080501EECD
:10389000105AB8EE411A31EE811AF7EE001A31EEE5
:1038A000211A22EE010A3DE077E01DE001EE100A48
:1038B000B8EE411A9FED402AC2EE011A9FED3B1A65
:1038C00080EE812A374D10352D68C5F3080501EECD
:1038D000105AB8EE411A32EE011AB7EE002A31EE54
:1038E000021A21EE810A1DE001EE100AB8EE411A1B
:1038F000DFED301A81EE812A9FED2C1AC0EE811A7D
:10390000284D10352D68C5F3080501EE105AB8EEA4
:10391000411A31EE811AF7EE001A31EE211A22EE29
:10392000010A00BF00BF1F4D10352D68C5F34625A5
:1039300001EE105AB8EE411AF7EE001A31EE211AD4
:10394000C0EE011ABCEEE11A81ED001A154D1035DA
:103950002D68C5F3064501EE105AB8EE411AF7EE90
:10396000001A31EE211AC0EE011ABCEEE11A81ED07
:10397000011A0C4D10352D68C5F3066501EE105A7D
:10398000B8EE411AF7EE001A31EE211AC0EE011A14
:10399000BCEEE11A81ED021A03E000250D604D60D6
:1039A0008D6070BD284402580090D003000000468E
:1039B0000024744C0024744A001BB74B70B50146B8
:1039C000844D2D6805F00303824D2D68C5F3055025
:1039D000804D2D1D2D68C5F300247E4D1C352D68AE
:1039E000C5F3CC0515FB04F501EE105AB8EE411AEB
:1039F000F0EE410A00286FD023B1012B4ED0022BEC
:103A00006BD16BE0734D283D2D68C5F340153DB378
:103A1000704D283D2D68C5F3C1066F4D25FA06F29D
:103A200001EE102AF8EE411A01EE100AB8EE411A22
:103A300081EE812A9FED691AC0EE811A654D183515
:103A40002D68C5F3080501EE105AB8EE411A31EEA3
:103A5000811AF7EE001A31EE211A22EE010A1CE05B
:103A600001EE100AB8EE411ADFED5D1A81EE812AEF
:103A70009FED5A1AC0EE811A564D18352D68C5F3C0
:103A8000080501EE105AB8EE411A31EE811AF7EE30
:103A9000001A31EE211A22EE010A5BE001EE100A53
:103AA000B8EE411ADFED4F1A81EE812A9FED4B1AD5
:103AB000C0EE811A474D18352D68C5F3080501EE93
:103AC000105AB8EE411A31EE811AF7EE001A31EEB3
:103AD000211A22EE010A3DE077E01DE001EE100A16
:103AE000B8EE411A9FED402AC2EE011A9FED3B1A33
:103AF00080EE812A374D18352D68C5F3080501EE93
:103B0000105AB8EE411A32EE011AB7EE002A31EE21
:103B1000021A21EE810A1DE001EE100AB8EE411AE8
:103B2000DFED301A81EE812A9FED2C1AC0EE811A4A
:103B3000284D18352D68C5F3080501EE105AB8EE6A
:103B4000411A31EE811AF7EE001A31EE211A22EEF7
:103B5000010A00BF00BF1F4D18352D68C5F346256B
:103B600001EE105AB8EE411AF7EE001A31EE211AA2
:103B7000C0EE011ABCEEE11A81ED001A154D1835A0
:103B80002D68C5F3064501EE105AB8EE411AF7EE5E
:103B9000001A31EE211AC0EE011ABCEEE11A81EDD5
:103BA000011A0C4D18352D68C5F3066501EE105A43
:103BB000B8EE411AF7EE001A31EE211AC0EE011AE2
:103BC000BCEEE11A81ED021A03E000250D604D60A4
:103BD0008D6070BD284402580090D003000000465C
:103BE0000024744C0024744A001BB74B2DE9F041AB
:103BF00004460025A8464FF00062D4E900101140A9
:103C00000020134659404040014331D1606E48B115
:103C1000B0F5801F0DD0B0F5001F11D0B0F5401FDA
:103C200016D114E0FE48006840F40030FC490860FA
:103C300010E0022104F1080006F076FD054609E0D7
:103C4000022104F1280006F021FE054602E001E011
:103C5000012500BF00BF55B9F1482430006820F4A9
:103C60004010616E0843EE492431086000E0A84628
:103C70004FF48072D4E900101140002013465940DF
:103C8000404001432ED1A06D05281BD2DFE800F093
:103C9000030A11181900E248006840F40030E049B6
:103CA000086011E0002104F1080006F03DFD054622
:103CB0000AE0002104F1280006F0E8FD054603E0D3
:103CC00002E001E0012500BF00BF55B9D44824300F
:103CD000006820F00700A16D0843D1492431086035
:103CE00000E0A8464FF48062D4E9001011400020A3
:103CF00013465940404001433DD1D4F8A400B0F5EB
:103D0000C00F24D007DC68B1B0F5001F11D0B0F5AA
:103D1000800F1FD114E0B0F5000F19D0B0F5200FBF
:103D200018D116E0BE48006840F40030BC49086075
:103D300012E0002104F1080006F0F6FC05460BE055
:103D4000002104F1280006F0A1FD054604E003E08F
:103D500002E001E0012500BF00BF5DB9B0482C3092
:103D6000006820F46000D4F8A4100843AC492C315A
:103D7000086000E0A8464FF40062D4E9000110405A
:103D8000002113465840494008433DD1D4F8A800CB
:103D9000B0F1407F24D007DC68B1B0F1807F11D052
:103DA000B0F1007F1FD114E0B0F1806F19D0B0F1F5
:103DB000A06F18D116E09A48006840F40030984986
:103DC000086012E0002104F1080006F0ADFC054691
:103DD0000BE0002104F1280006F058FD054604E040
:103DE00003E002E001E0012500BF00BF5DB98C489F
:103DF0002C30006820F0E060D4F8A810084388490F
:103E00002C31086000E0A8464FF00073D4E90010A0
:103E10001940002059404040014328D1E06CA8B12E
:103E2000102804D0202809D0302810D10DE07C487B
:103E3000006840F400307A4908600AE0022104F189
:103E4000080006F071FC054603E002E001E00125F0
:103E500000BF00BF55B972482030006820F0300024
:103E6000E16C08436E492031086000E0A8464FF439
:103E70008053D4E9001019400020594040400143CC
:103E800037D1E06DB0F5005F1AD004DC50B1B0F569
:103E9000805F1ED10DE0B0F5405F18D0B0F5804FC7
:103EA00017D115E05E48006840F400305C490860B6
:103EB00011E0002104F1080006F036FC05460AE096
:103EC000002104F1280006F0E1FC054603E002E0D1
:103ED00001E0012500BF00BF55B9514824300068FA
:103EE00020F4E040E16D08434D492431086000E0D2
:103EF000A8464FF40053D4E900101940002059405F
:103F00004040014335D1206EB0F5403F1ED007DC64
:103F100068B1B0F5803F0BD0B0F5003F19D10EE08D
:103F2000B0F5802F13D0B0F5A02F12D110E012E021
:103F3000012104F1080006F0F7FB05460BE0012122
:103F400004F1280006F0A2FC054604E003E002E0CC
:103F500001E0012500BF00BF55B931482430006899
:103F600020F4E020216E08432D492431086000E050
:103F7000A8464FF48042D4E90001104000211346C6
:103F800058404940084337D1D4F8AC00B0F1405F05
:103F90001ED007DC68B1B0F1805F0BD0B0F1005FDC
:103FA00019D10EE0B0F1804F13D0B0F1A04F12D173
:103FB00010E012E0012104F1080006F0B5FB05460F
:103FC0000BE0012104F1280006F060FC054604E046
:103FD00003E002E001E0012500BF00BF5DB9104829
:103FE0002C30006820F0E040D4F8AC1008430C49B5
:103FF0002C31086000E0A8464FF40043D4E90001EA
:10400000184000215840494008432AD1E06EB8B119
:10401000B0F1805F06D0B0F1005F12D109E000007E
:104020002C440258F948006840F40030F749086011
:1040300009E0012104F1080006F076FB054602E0E4
:1040400001E0012500BF00BF55B9F04824300068E9
:1040500020F04050E16E0843EC492431086000E054
:10406000A8464FF08073D4E9001019400020594051
:104070004040014328D1A06CA8B1012804D00228F7
:1040800009D0032810D10DE0E048006840F400306A
:10409000DE4908600AE0022104F1080006F044FB52
:1040A000054603E002E001E0012500BF00BF55B96D
:1040B000D6482030006820F00300A16C0843D349A3
:1040C0002031086000E0A8464FF48003D4E90010D6
:1040D000194000205940404001437DD1CC48006840
:1040E00040F48070CA490860FFF728FA064606E0E7
:1040F000FFF724FA801B642801D9032505E0C44892
:10410000006800F480700028F2D000BF85BBBF4873
:104110004430006800F44070B4F8B01001F440710D
:10412000884213D0B9484430006820F44077B7483B
:104130004430006840F48030B44944310860084697
:10414000006820F48030086008460760D4F8B000AA
:10415000B0F5807F15D1FFF7F1F9064609E0FFF7CA
:10416000EDF9801B41F28831884202D9032507E02E
:1041700038E0A64844300068C0F340000028EED084
:1041800000BF55BB00BFB4F8B00000F44070B0F5FC
:10419000407F0ED19D481C38006820F47C519D4A18
:1041A000D4F8B000104041EA101098491C3908605A
:1041B00007E096481C38006820F47C5093491C396D
:1041C0000860924844300068B4F8B010C1F30B01A5
:1041D00008438E49443101E005E001E0086002E057
:1041E000A84600E0A8460122D4E9000110400021C1
:1041F000134658404940084330D1A06F18281AD0C0
:1042000005DC48B1082808D0102817D10CE0202878
:1042100012D0282812D110E012E0012104F1080088
:1042200006F082FA05460BE0012104F1280006F0B1
:104230002DFB054604E003E002E001E0012500BF9C
:1042400000BF55B971482830006820F03800A16FD0
:1042500008436E492831086000E0A8460223D4E9EB
:1042600000101940002059404040014329D1606F9F
:10427000062816D2DFE800F003040B12131412E034
:10428000012104F1080006F04FFA05460BE0012178
:1042900004F1280006F0FAFA054604E003E002E023
:1042A00001E0012500BF00BF55B95848283000681B
:1042B00020F00700616F084354492831086000E08E
:1042C000A8460422D4E900101140002013465940AA
:1042D000404001432BD1D4F89000062816D2DFE8E5
:1042E00000F003040B12131412E0012104F1080082
:1042F00006F01AFA05460BE0012104F1280006F049
:10430000C5FA054604E003E002E001E0012500BF34
:1043100000BF5DB93D482C30006820F00700D4F89C
:104320009010084339492C31086000E0A84620234A
:10433000D4E900011840002158404940084337D1D2
:10434000D4F88C00B0F1405F1ED007DC68B1B0F14A
:10435000805F0BD0B0F1005F19D10EE0B0F1804F5B
:1043600013D0B0F1A04F12D110E012E0002104F1FF
:10437000080006F0D9F905460BE0022104F12800F7
:1043800006F084FA054604E003E002E001E00125BE
:1043900000BF00BF5DB91D482830006820F0E04034
:1043A000D4F88C10084319492831086000E0A84669
:1043B0004023D4E9001019400020594040400143F7
:1043C0003CD1D4F89800B0F5406F25D007DC68B137
:1043D000B0F5806F0BD0B0F5006F20D10EE0B0F5D6
:1043E000805F1AD0B0F5A05F19D117E019E0002165
:1043F00004F1080006F098F9054612E0022104F1E4
:10440000280006F043FA05460BE000002C44025851
:1044100000480258FFFCFF0F03E002E001E0012525
:1044200000BF00BF4DB9FE48006820F4E050D4F84A
:1044300098100843FA49086000E0A8468023D4E9B0
:1044400000101940002059404040014335D1D4F8B4
:104450009C00B0F5C04F1ED007DC68B1B0F5005F1E
:104460000BD0B0F5804F19D10EE0B0F5004F13D04E
:10447000B0F5204F12D110E012E0002104F1080045
:1044800006F052F905460BE0022104F1280006F07F
:10449000FDF9054604E003E002E001E0012500BF6C
:1044A00000BF4DB9DE48006820F46040D4F89C108D
:1044B0000843DB49086000E0A8460823D4E900016E
:1044C0001840002158404940084317D1D4F88000D3
:1044D000B0F5805F07D1022104F1280006F0D6F97B
:1044E00008B14FF00108CE48001F006820F440508A
:1044F000D4F880100843CA49091F08601023D4E982
:1045000000011840002158404940084315D1D4F813
:104510009400B0F5807F07D1022104F1280006F055
:10452000B5F908B14FF00108BD48006820F44070AB
:10453000D4F894100843BA4908604FF40023D4E932
:1045400000011840002158404940084327D1D4F8C1
:10455000A00030B1B0F5803F0AD0B0F5003F0FD1D8
:104560000DE0002104F1080006F0DEF8054609E040
:10457000022104F1280006F089F9054602E001E075
:10458000012500BF00BF4DB9A548006820F44030A8
:10459000D4F8A0100843A249086000E0A8464FF4F0
:1045A0008023D4E9000118400021584049400843C5
:1045B0002DD1D4F88400B0F5801F06D0B0F5001FCF
:1045C0000CD0B0F5401F11D10FE095482C38006891
:1045D00040F4003092492C39086009E0012104F1CF
:1045E000280006F053F9054602E001E0012500BF6E
:1045F00000BF5DB98A48001F006820F44010D4F85D
:10460000841008438649091F086000E0A8464FF45B
:104610008032D4E90001104000211346584049403F
:10462000084325D1206D18B1B0F5803F10D108E0C6
:104630007B482C38006840F4003079492C390860F8
:1046400008E0022104F1080006F06EF8054601E0DA
:10465000012500BF00BF55B971480C38006820F42F
:104660008030216D08436E490C39086000E0A8468F
:104670004FF00053D4E90010194000205940404049
:10468000014307D1022104F1280006F0FFF808B128
:104690004FF001084FF40032D4E90001104000212E
:1046A000134658404940084327D1E06FA0B1B0F508
:1046B000807F06D0B0F5007F0CD0B0F5407F0CD1E4
:1046C00009E057482C38006840F4003054492C3930
:1046D000086004E003E002E001E0012500BF00BF44
:1046E00055B94F48001F006820F44070E16F08433F
:1046F0004B49091F086000E0A8464FF48012D4E936
:10470000001011400020134659404040014309D198
:1047100043480838006820F00040216F08434049B2
:10472000083908604FF40013D4E900011840002153
:1047300058404940084309D139480838006820F0FA
:104740008070A16E08433649083908604FF08043F5
:10475000D4E900101940002059404040014311D1D4
:1047600000BF2F484838006820F400402C494839E1
:10477000086008460068D4F8B4100843284948394E
:10478000086000BF4FF00042D4E900011040002152
:10479000134658404940084309D121480C38006865
:1047A00020F04050616D08431D490C3908604FF4FA
:1047B0000002D4E900101140002013465940404047
:1047C00001430AD11648001F006820F44000D4F8C5
:1047D000881008431249091F0860012200216068FF
:1047E000104049405040014306D104F1080005F053
:1047F0009BFF054605B1A8460222002160681040D3
:1048000049405040014307D1012104F1080005F05F
:104810008BFF054605B1A84604230020616801E02E
:10482000584402581940042240405140084307D1DF
:10483000022104F1080005F077FF054605B1A846FE
:104840000823002061681940082240405140084375
:1048500007D1002104F1280006F018F8054605B13B
:10486000A8461023002061681940102240405140A2
:10487000084307D1012104F1280006F007F8054696
:1048800005B1A846202200216068104049405040F0
:10489000014307D1022104F1280005F0F7FF054686
:1048A00005B1A846B8F1000F02D10020BDE8F081A3
:1048B0000120FBE72DE9F04104460D4614B9012023
:1048C000BDE8F081BD48006800F00F00A8420ED29C
:1048D000BA48006820F00F002843B849086008462D
:1048E000006800F00F00A84201D00120E8E720781E
:1048F00000F0040004280ED1B1492069096801F0D4
:104900007001884207D9AE48006820F07000216924
:104910000843AB490860207800F00800082811D14E
:10492000A749091D6069096801F07001884209D929
:10493000A348001D006820F0700061690843A04989
:10494000091D0860207800F01000102811D19C4942
:10495000091DA069096801F4E061884209D99848F5
:10496000001D006820F4E060A16908439449091D16
:104970000860207800F02000202811D190490831EB
:10498000E069096801F07001884209D98C48083053
:10499000006820F07000E169084389490831086027
:1049A000207800F0020002280ED18549E0680968ED
:1049B00001F00F01884207D98148006820F00F00FC
:1049C000E16808437E490860207800F00100002873
:1049D00050D07B48006820F47060A1680843784993
:1049E00008606068022807D1754818380068C0F36D
:1049F0004040F8B9012063E76068032807D1704898
:104A000018380068C0F34060A0B9012058E760681A
:104A1000012807D16A4818380068C0F3002048B957
:104A200001204DE7664818380068C0F3800008B9D7
:104A3000012045E762480838006820F007006168F7
:104A400008435F4908390860FEF778FD064608E02C
:104A5000FEF774FD801B41F28831884201D90320A2
:104A60002EE757480838006800F038006168B0EB5E
:104A7000C10FEDD1207800F0020002280ED150497C
:104A8000E068096801F00F01884207D24C480068CD
:104A900020F00F00E1680843494908604748006872
:104AA00000F00F00A8420ED94448006820F00F0023
:104AB0002843424908600846006800F00F00A842F9
:104AC00001D00120FCE6207800F0040004280ED17B
:104AD0003B492069096801F07001884207D23848D3
:104AE000006820F07000216908433549086020788B
:104AF00000F00800082811D13149091D60690968D2
:104B000001F07001884209D22D48001D006820F094
:104B10007000616908432A49091D0860207800F087
:104B20001000102811D12649091DA069096801F457
:104B3000E061884209D22248001D006820F4E0604C
:104B4000A16908431E49091D0860207800F0200073
:104B5000202811D11A490831E069096801F0700173
:104B6000884209D216480830006820F07000E169D8
:104B7000084313490831086000F076F810490968C5
:104B8000C1F303210F4A515C01F01F0120FA01F724
:104B90000B48006800F00F001146085C00F01F0091
:104BA00027FA00F0084908600848076008480068CC
:104BB000FEF706FD8046404682E6000000200052D7
:104BC0001844025804AD000814000024100000240A
:104BD0000800002410B500F047F80D490968C1F33A
:104BE00003210C4A515C01F01F0120FA01F408482E
:104BF000006800F00F001146085C00F01F0024FA66
:104C000000F005490860054804600846006810BDCA
:104C10001844025804AD00081400002410000024B9
:104C200000B5FFF7D7FF05490968C1F30211044A2F
:104C3000515C01F01F01C84000BD00001C44025837
:104C400004AD000800B5FFF7C5FF05490968C1F3C9
:104C50000221044A515C01F01F01C84000BD000060
:104C60001C44025804AD0008F0B5824E366806F0C8
:104C7000380636B1082E15D0102E15D0182E7DD13D
:104C800014E07C4E103E3668C6F3401646B1794EAD
:104C9000103E3668C6F3C107774E26FA07F000E0EB
:104CA0007548E5E07548E3E07548E1E0714E183677
:104CB000366806F003046F4E18363668C6F30511E1
:104CC0006C4E1C36366806F001056A4E243636688E
:104CD000C6F3CC0616FB05F601EE106AB8EE410AE3
:104CE000002971D024B1012C50D0022C6DD16DE07F
:104CF000604E103E3668C6F340163EB35D4E103E21
:104D00003668C6F3C1075C4E26FA07F301EE103A87
:104D1000F8EE411A01EE101AB8EE411A81EE812A1E
:104D20009FED581AC0EE011A524E20363668C6F36F
:104D3000080601EE106AB8EE411A31EE811AF7EE5C
:104D4000001A31EE211A62EE010A1EE001EE101A7D
:104D5000B8EE411ADFED4C1A81EE812A9FED491A17
:104D6000C0EE011A434E20363668C6F3080601EE3F
:104D7000106AB8EE411A31EE811A00E076E0F7EEE3
:104D8000001A31EE211A62EE010A5BE001EE101A00
:104D9000B8EE411A9FED3D2AC2EE011A9FED391A75
:104DA00080EE012A334E20363668C6F3080601EE3F
:104DB000106AB8EE411A32EE011AB7EE002A31EE4F
:104DC000021A61EE810A3DE04EE01DE001EE101A8C
:104DD000B8EE411ADFED2E1A81EE812A9FED291AD5
:104DE000C0EE011A234E20363668C6F3080601EEDF
:104DF000106AB8EE411A31EE811AF7EE001A31EE60
:104E0000211A62EE010A1DE001EE101AB8EE411AF5
:104E10009FED1E2AC2EE011A9FED1A1A80EE012A9A
:104E2000144E20363668C6F3080601EE106AB8EE56
:104E3000411A32EE011AB7EE002A31EE021A61EE83
:104E4000810A00BF00BF0B4E20363668C6F34626E7
:104E5000721C01EE102AB8EE411AC0EE811ABCEEA7
:104E6000E11A11EE100A00E0002001E0034800BF43
:104E700000BFF0BD104402580090D00300093D006F
:104E800000366E01000000460024744C0024744A71
:104E9000001BB74B2DE9F047044614B90120BDE8CB
:104EA000F087207800F00100002870D0F9480068F1
:104EB00000F03808F7481830D0F80090B8F1100F1B
:104EC00006D0B8F1180F0FD109F0030002280BD15A
:104ED000F04810380068C0F3404000286AD060688D
:104EE000002867D10120DAE700BF6068B0F5803F95
:104EF00008D1E8481038006840F48030E54910399E
:104F000008602EE0606868B9E2481038006820F454
:104F10008030E049103908600846006820F480209D
:104F200008601EE06068B0F5A02F0DD1D948103898
:104F3000006840F48020D7491039086008460068AE
:104F400040F4803008600CE0D2481038006820F44B
:104F50008030D049103908600846006820F480206D
:104F6000086000BF606898B1FEF7E8FA054606E001
:104F7000FEF7E4FA401B642801D903208FE7C548F7
:104F800010380068C0F340400028F1D012E012E071
:104F9000FEF7D4FA054606E0FEF7D0FA401B642877
:104FA00001D903207BE7BB4810380068C0F34040BC
:104FB0000028F1D100BF207800F00200022879D14A
:104FC000B448006800F03808B2481830D0F80090B3
:104FD000B8F1000F05D0B8F1180F35D109F0030072
:104FE00088BBAC4810380068C0F3800018B1E06896
:104FF00008B9012053E7A7481038006820F01900CD
:10500000E1680843A34910390860FEF797FA05469E
:1050100006E0FEF793FA401B022801D903203EE781
:105020009C4810380068C0F380000028F1D09948EF
:105030000C38006820F0FE40217C40EA0160954970
:105040000C39086045E0FFE7E06838B39148103854
:10505000006820F01900E16808438E4910390860A3
:10506000FEF76CFA054606E0FEF768FA401B0228D8
:1050700001D9032013E7874810380068C0F3800087
:105080000028F1D083480C38006820F0FE40217CD5
:1050900040EA01607F490C3908601AE07D48103809
:1050A000006820F001007B4910390860FEF746FADD
:1050B000054607E00EE0FEF741FA401B022801D941
:1050C0000320ECE6734810380068C0F38000002825
:1050D000F1D100BF207800F0100010286FD16D488A
:1050E000006800F038086B481830D0F80090B8F12C
:1050F000080F06D0B8F1180F1CD109F003000128E1
:1051000018D1644810380068C0F3002020B1E0696D
:10511000802801D00120C2E600BF5E48001F006861
:1051200020F07C5094F8201040EA01605949091F92
:10513000086043E0E06938B356481038006840F032
:105140008000544910390860FEF7F8F9054606E07A
:10515000FEF7F4F9401B022801D903209FE64D48D1
:1051600010380068C0F300200028F1D000BF494883
:10517000001F006820F07C5094F8201040EA016085
:105180004449091F086019E042481038006820F0BF
:105190008000404910390860FEF7D0F9054606E066
:1051A000FEF7CCF9401B022801D9032077E63948E5
:1051B00010380068C0F300200028F1D100BF20782B
:1051C00000F00800082836D16069D0B13148643059
:1051D000006840F001002F4964310860FEF7AEF925
:1051E000054606E0FEF7AAF9401B022801D9032074
:1051F00055E6284864300068C0F340000028F1D02C
:1052000019E024486430006820F00100214964312D
:105210000860FEF793F9054606E0FEF78FF9401B9C
:10522000022801D903203AE61A4864300068C0F326
:1052300040000028F1D1207800F02000202838D14B
:10524000A069D0B113481038006840F4805011496B
:1052500010390860FEF772F9054606E0FEF76EF9B0
:10526000401B022801D9032019E60A4810380068BB
:10527000C0F340300028F1D01BE006481038006829
:1052800020F48050034910390860FEF757F90546AD
:1052900009E0000010440258FEF750F9401B0228B4
:1052A00001D90320FBE5D0480068C0F34030002856
:1052B000F2D1207800F0040004287DD1CB480068AA
:1052C00040F48070C9490860FEF738F9054606E0E9
:1052D000FEF734F9401B642801D90320DFE5C348F9
:1052E000006800F480700028F2D000BFA068012898
:1052F00008D1BD487030006840F00100BA497031F3
:1053000008602DE0A06868B9B7487030006820F0E8
:105310000100B549703108600846006820F00400BB
:1053200008601DE0A06805280DD1AF487030006806
:1053300040F00400AC49703108600846006840F055
:10534000010008600CE0A8487030006820F00100FF
:10535000A549703108600846006820F00400086024
:1053600000BFA068A0B1FEF7E9F8054608E0FEF727
:10537000E5F8401B41F28831884201D903208EE5CF
:10538000994870300068C0F340000028EFD013E067
:10539000FEF7D4F8054608E0FEF7D0F8401B41F2CE
:1053A0008831884201D9032079E58F487030006840
:1053B000C0F340000028EFD1606A00287DD08A4801
:1053C0001030006800F03800182877D0606A022892
:1053D00075D18548006820F0807083490860FEF729
:1053E000ADF8054606E0FEF7A9F8401B022801D9F2
:1053F000032054E57C480068C0F340600028F2D1E7
:1054000000BFD4E90A1041EA001077492831096841
:1054100040F2F33291430843734928310860208EEB
:10542000401EC0F30800616B491E4FF47E4202EA41
:1054300041210843218F491ED20102EA014108435C
:105440003C21095D491E120202EA016108436649D6
:105450003031086000BF081F006820F00100091FFC
:1054600008606148343000684FF6F8718843A16CD9
:1054700040EAC1005C49343108605B482C30006868
:1054800020F00C00216C084357492C310860084675
:10549000006820F00200616C084353492C31086019
:1054A0000846006840F4803008600846006840F410
:1054B000003008600846006802E092E038E01FE033
:1054C00040F4802008600846006840F00100086051
:1054D0004548006840F0807043490860FEF72EF8A8
:1054E000054606E0FEF72AF8401B022801D90320F2
:1054F000D5E43D480068C0F340600028F2D070E079
:105500003948006820F0807037490860FEF716F8C7
:10551000054606E0FEF712F8401B022801D90320D9
:10552000BDE431480068C0F340600028F2D158E083
:105530002D48283007682C4830300668606A0128FA
:1055400021D007F00301A06A81421CD1C7F30511E5
:10555000E06A884217D1C6F30801206B401E8142E1
:1055600011D1606B401EC6F3462188420BD1A06B5F
:10557000401EC6F30641884205D1E06B401EC6F3CB
:105580000661884201D0012089E417483430006860
:10559000C0F3CC07A06CB84223D013482C3000686D
:1055A00020F0010010492C310860FDF7C7FF0546C7
:1055B00000BFFDF7C3FF401BFBD00B483430006831
:1055C0004FF6F8718843A16C40EAC10006493431B6
:1055D000086005482C30006840F0010002492C3179
:1055E000086000205BE400000044025800480258B4
:1055F00070B504462546681EB0F1807F01D30120B6
:105600000FE0681E4FF0E02148610F214FF0FF309E
:1056100005F06EF800204FF0E02188610720086156
:10562000002070BD704770477047000030B50246DB
:105630000B4600BF92F83C00012801D1022030BD8A
:10564000012082F83C0000BF022082F83D00106873
:10565000416810688468254D1068A84203D0244D25
:105660001068A84203D121F470015868014321F069
:10567000700118680143106841601C4D1068A84211
:1056800023D01068B0F1804F1FD01A4D1068A84287
:105690001BD0194D1068A84217D0184D1068A842A9
:1056A00013D0134D1068A8420FD0154D1068A842B2
:1056B0000BD0144D1068A84207D0134D1068A842B3
:1056C00003D0124D1068A84205D124F080049868D8
:1056D000044310688460012082F83D0000BF002070
:1056E00082F83C0000BF00BFA9E7000000000140B5
:1056F000000401400004004000080040000C00408D
:10570000001800400040014000E0004000E400407C
:1057100010B504460CB9012010BD94F83D0028B91D
:10572000002084F83C00204600F02AF8022084F88B
:105730003D00211D206801F053FF012084F848003E
:1057400000BF84F83E0001213F2001554020015553
:1057500041200155422001554320015500BF00BFA3
:10576000012084F84400452001554620015547207A
:10577000015500BF012084F83D000020CCE7000067
:1057800038B504461A492068884216D100BF194826
:10579000006840F00400174908600846006800F0FF
:1057A0000400009000BF00BF002211461E20FDF73C
:1057B00059FF1E20FDF742FF19E00F49206888427B
:1057C00015D100BF0B48006840F008000949086087
:1057D0000846006800F00800009000BF00BF0022EB
:1057E00011463220FDF73EFF3220FDF727FF38BD7E
:1057F00000080040E8440258000C0040014691F8BF
:105800003D00012801D001207047022081F83D00B1
:105810000868C06840F001000B68D860204B086839
:10582000984223D00868B0F1804F1FD01D4B086804
:1058300098421BD01C4B0868984217D01B4B086835
:10584000984213D01A4B086898420FD0194B086839
:1058500098420BD0184B0868984207D0174B08683D
:10586000984203D0164B0868984210D108688068A7
:10587000144B00EA0302062A0FD0B2F5803F0CD089
:105880000868006840F001000B68186005E00868CF
:10589000006840F001000B6818600020B4E70000C9
:1058A000000001400004004000080040000C0040DF
:1058B00000040140001800400040014000E00040AA
:1058C00000E40040070001002DE9F04104460D46C8
:1058D000002700BF94F83C00012802D10220BDE857
:1058E000F081012084F83C0000BF022084F83D00D4
:1058F000206886684048064026F47F462068866017
:105900002868702826D00CDC00F00F01002966D131
:105910000011072863D2DFE800F0555657584B377F
:105920004100B0F1101F52D009DCB0F5805F10D0FB
:10593000B0F5005F1BD0B0F5801F50D146E0A0F558
:1059400080102038002843D0102842D0202846D18B
:1059500040E046E0D5E902136A68206801F0C9FE1C
:105960002068866846F077062068866039E0D5E9C9
:1059700002136A68206801F0BCFE2068806840F469
:105980008040216888602CE0EA686968206804F03B
:10599000FBFB5021206804F0EBFB22E0EA68696819
:1059A000206804F004FC6021206804F0E1FB18E0AA
:1059B000EA686968206804F0E7FB4021206804F089
:1059C000D7FB0EE000BF00BF00BF00BF00BF00BF9D
:1059D00000BF00BF2968206804F0CAFB01E001276E
:1059E00000BF00BF012084F83D0000BF002084F804
:1059F0003C0000BF384672E788FFCEFF704770B5A5
:105A000004462068C6682068056905F0020002287F
:105A100019D106F00200022815D1401F2168086143
:105A2000012020772068806900F0030018B120462B
:105A3000FFF7E4FF05E0204600F0FEF8204600F006
:105A400017FA0020207705F00400042819D106F089
:105A50000400042815D1C043216808610220207782
:105A60002068806900F4407018B12046FFF7C6FF37
:105A700005E0204600F0E0F8204600F0F9F90020AB
:105A8000207705F00800082819D106F0080008283A
:105A900015D1C04321680861042020772068C069BF
:105AA00000F0030018B12046FFF7A8FF05E02046EC
:105AB00000F0C2F8204600F0DBF90020207705F066
:105AC0001000102819D106F01000102815D1C0437D
:105AD00021680861082020772068C06900F44070C0
:105AE00018B12046FFF78AFF05E0204600F0A4F831
:105AF000204600F0BDF90020207705F0010048B1F4
:105B000006F0010030B16FF0010021680861204605
:105B100000F06EFA05F08000802804D005F40050F3
:105B2000B0F5005F0AD106F08000802806D16FF43E
:105B30000250216808612046FFF775FD05F480706A
:105B4000B0F5807F0AD106F08000802806D16FF47E
:105B50008070216808612046FFF764FD05F0400071
:105B6000402809D106F04000402805D1C0432168F3
:105B70000861204600F03CFB05F02000202809D1F8
:105B800006F02000202805D1C04321680861204686
:105B9000FFF74AFD70BD000010B586B00446142121
:105BA00001A8FAF703FD2049206888421AD100BFF6
:105BB0001E48006840F002001C4908600846006862
:105BC00000F00200009000BF00BF02200190029090
:105BD0000020039004900220059001A91448FDF7CD
:105BE000A7FB1FE01349206888421BD100BF0F4864
:105BF000006840F002000D4908600846006800F0A7
:105C00000200009000BF00BF4FF40040019002204E
:105C100002900020039004900220059001A90448FE
:105C2000FDF786FB06B010BD00040040E0440258BA
:105C3000000402580018004070472DE9F041044666
:105C40000D461646002700BF94F83C00012802D1FB
:105C50000220BDE8F081012084F83C0000BF0C2E3A
:105C600051D005DC4EB1042E1ED0082E7AD133E07F
:105C7000102E60D0142EF9D175E02946206804F06A
:105C80001DF92068806940F008002168886120685B
:105C9000806920F004002168886120688069296992
:105CA00008432168886178E02946206801F02CFDCE
:105CB0002068806940F400602168886120688069FC
:105CC00020F480602168886120688069296940EA41
:105CD00001202168886160E02946206804F044F9C9
:105CE0002068C06940F008002168C8612068C06968
:105CF00020F004002168C8612068C0692969084350
:105D00002168C86149E02946206804F087F92068C5
:105D1000C06940F400602168C8612068C06920F44F
:105D200080602168C8612068C069296940EA012053
:105D30002168C86131E02946206804F0A9F920688B
:105D4000406D40F00800216848652068406D20F0F3
:105D50000400216848652068406D2969084321686E
:105D600048651AE017E02946206804F0C9F9206860
:105D7000406D40F40060216848652068406D20F463
:105D80008060216848652068406D296940EA0120EB
:105D90002168486501E0012700BF00BF00BF002067
:105DA00084F83C0000BF384653E710B504460CB9F0
:105DB000012010BD94F83D0028B9002084F83C0073
:105DC000204600F029F8022084F83D00211D2068BB
:105DD00001F006FC012084F8480000BF84F83E0072
:105DE00001213F200155402001554120015542200D
:105DF00001554320015500BF00BF012084F8440035
:105E000045200155462001554720015500BF01207E
:105E100084F83D000020CCE708B5124A01689142A1
:105E20000DD100BF1049096841F002010E4A11600E
:105E30001146096801F00201009100BF11E00B4A10
:105E4000016891420DD100BF0749096841F0400146
:105E5000054A11601146096801F04001009100BF38
:105E600000BF08BD00040040E8440258001800408C
:105E70007047000070B504460D4615B994F83E0011
:105E800015E0042D02D13F20005D10E0082D02D165
:105E90004020005D0BE00C2D02D14120005D06E0AA
:105EA000102D02D14220005D01E04320005D012859
:105EB00001D0012070BD1DB9022084F83E001AE017
:105EC000042D03D102213F20015514E0082D03D1F8
:105ED0000221402001550EE00C2D03D1022141206A
:105EE000015508E0102D03D102214220015502E0A6
:105EF00002214320015501222946206801F0E8FBD8
:105F00002F49206888420FD02E49206888420BD044
:105F10002D492068884207D02C492068884203D048
:105F20002B492068884201D1012000E0002028B1DF
:105F30002068406C40F40040216848642049206893
:105F4000884223D02068B0F1804F1FD021492068BB
:105F500088421BD020492068884217D01F492068FA
:105F6000884213D01749206888420FD01C49206806
:105F700088420BD014492068884207D0194920680C
:105F8000884203D018492068884210D12068806870
:105F9000164900EA0106062E0FD0B6F5803F0CD058
:105FA0002068006840F001002168086005E0206872
:105FB000006840F001002168086000207AE70000D6
:105FC0000000014000040140004001400044014045
:105FD000004801400004004000080040000C004060
:105FE0000018004000E0004000E40040070001000D
:105FF00010B504465E48007800B910BD5D492068C0
:10600000884207D15C484068002802D05A49486855
:106010008047ABE02068B0F1804F07D15748406817
:106020000028F6D05549486880479FE054492068C9
:10603000884207D1534840680028EAD0514948684F
:10604000804793E050492068884207D14F48406814
:106050000028DED04D494868804787E04C492068D9
:10606000884207D14B48406800287FD0494948689A
:1060700080477BE048492068884207D1474840680C
:10608000002873D04549486880476FE0444920683C
:10609000884207D143484068002867D04149486892
:1060A000804763E040492068884207D13F48406804
:1060B00000285BD03D494868804757E03C4920684C
:1060C000884207D13B48406800284FD0394948688A
:1060D00080474BE038492068884206D137484068FD
:1060E00018B336494868804740E0354920688842FF
:1060F00006D134484068C0B132494868804735E02D
:1061000031492068884206D13048406868B12F493B
:10611000486880472AE02E492068884206D12D48E9
:10612000406810B12B49486880471FE02A49206821
:10613000884206D129484068C0B12849486880474C
:1061400014E027492068884206D12648406868B193
:1061500024494868804709E023492068884205D1DE
:106160002248406810B121494868804700BF44E791
:106170003001002400000140180000242000002409
:1061800000040040280000240008004030000024E3
:10619000000C0040380000240010004040000024A3
:1061A0000014004048000024000401405000002476
:1061B0000018004058000024001C0040600000242B
:1061C00000200040680000240040014070000024CE
:1061D0000044014078000024004801408000002471
:1061E00000E000408800002400E40040900000240B
:1061F0007047014600BF91F88400012801D10220B8
:106200007047012081F8840000BF2420C1F8880075
:10621000086802680868006820F001000B681860D0
:1062200022F0005200204866086802602020C1F871
:10623000880000BF002081F8840000BF00BFDFE7B6
:106240002DE9F04104460E461746D4F88C0020286C
:1062500025D106B117B90120BDE8F0810120E06623
:10626000002020673A463146204601F01DFF0546D2
:106270009DB9E06E01280FD110202168086200BF8F
:1062800000BF216851E8001F41F01000226842E879
:1062900000010029F5D100E001252846DCE70220B5
:1062A000DAE7000070B504460D4678492068884258
:1062B00013D17748D0F8080230B175482946D0F894
:1062C000082200F5827090477148B0F8042200F56A
:1062D00082712046FFF7B4FFD6E06E4920688842FD
:1062E00013D16D48D0F8080230B16B482946D0F878
:1062F000082200F5827090476748B0F8042200F544
:1063000082712046FFF79CFFBEE064492068884206
:1063100013D16348D0F8080230B161482946D0F85B
:10632000082200F5827090475D48B0F8042200F51D
:1063300082712046FFF784FFA6E05A492068884210
:1063400013D15948D0F8080230B157482946D0F83F
:10635000082200F5827090475348B0F8042200F5F7
:1063600082712046FFF76CFF8EE05049206888421A
:1063700013D14F48D0F8080230B14D482946D0F823
:10638000082200F5827090474948B0F8042200F5D1
:1063900082712046FFF754FF76E046492068884224
:1063A00013D14548D0F8080230B143482946D0F807
:1063B000082200F5827090473F48B0F8042200F5AB
:1063C00082712046FFF73CFF5EE03C49206888422E
:1063D00013D13B48D0F8080230B139482946D0F8EB
:1063E000082200F5827090473548B0F8042200F585
:1063F00082712046FFF724FF46E032492068884238
:1064000013D13148D0F8080230B12F482946D0F8CE
:10641000082200F5827090472B48B0F8042200F55E
:1064200082712046FFF70CFF2EE028492068884241
:1064300013D12748D0F8080230B125482946D0F8B2
:10644000082200F5827090472148B0F8042200F538
:1064500082712046FFF7F4FE16E01E49206888424C
:1064600012D11D48D0F8080230B11B482946D0F897
:10647000082200F5827090471748B0F8042200F512
:1064800082712046FFF7DCFE70BD00000010014065
:1064900010090024004400401C0B00240048004068
:1064A000280D0024004C0040340F00240050004010
:1064B00040110024001401404C13002400780040D7
:1064C00058150024007C0040641700240018014087
:1064D00070190024001C01407C1B0024704770B51B
:1064E00004460D4600BF94F88400012801D1022023
:1064F00070BD012084F8840000BF2420C4F8880007
:10650000206806682068006820F0010021680860A3
:106510002068806820F060602843216888602046F9
:1065200004F066FA206806602020C4F8880000BFE6
:10653000002084F8840000BF00BFD9E770B504468E
:106540000D4600BF94F88400012801D1022070BDDF
:10655000012084F8840000BF2420C4F8880020684B
:1065600006682068006820F0010021680860206843
:10657000806820F06040284321688860204604F04D
:1065800037FA206806602020C4F8880000BF002089
:1065900084F8840000BF00BFD9E770477047704798
:1065A0002DE9F04704462068C56920680668206820
:1065B000876840F60F0005EA0009B9F1000F0FD116
:1065C00005F0200060B106F0200010B907F08050FF
:1065D00030B1606F10B12046616F8847BDE8F08729
:1065E000B9F1000F7ED0FE48384018B9FD48304060
:1065F0000028F7D005F0010058B106F4807040B1D2
:10660000012021680862D4F8900040F00100C4F82D
:10661000900005F0020058B107F0010040B10220DF
:1066200021680862D4F8900040F00400C4F890009B
:1066300005F0040058B107F0010040B104202168C2
:106640000862D4F8900040F00200C4F8900005F011
:10665000080070B106F0200010B9E148384040B1A0
:10666000082021680862D4F8900040F00800C4F8BF
:10667000900005F4006060B106F0806048B14FF40E
:10668000006021680862D4F8900040F02000C4F84F
:106690009000D4F89000002852D005F0200050B1AE
:1066A00006F0200010B907F0805020B1606F10B1E3
:1066B0002046616F8847D4F890A02068806800F079
:1066C0004000402802D00AF0280070B3204603F0B2
:1066D000C5FD2068806800F04000402826D100BF3A
:1066E00000BF00E02DE02168083151E8001F21F0D3
:1066F00040002168083141E80002002AF1D100BFC2
:10670000D4F8800068B1B848D4F880100865D4F88F
:106710008000FAF78FFA98B1D4F88000016D8847AD
:106720000EE02046FFF73BFF0AE003E02046FFF7BC
:1067300036FF05E02046FFF732FF0020C4F8900046
:106740004CE7E06E01287DD105F01000002879D0DB
:1067500006F010000028FAD0102021680862206896
:10676000806800F0400040286DD1D4F880000068B7
:106770009E4988426BD0D4F8800000689B4918314C
:10678000884264D0D4F8800000689849303188424B
:106790005DD0D4F88000006894494831884256D0D2
:1067A000D4F8800000689149603188424FD0D4F815
:1067B000800000688D497831884248D0D4F8800044
:1067C00000688A499031884241D0D4F8800000683E
:1067D0008649A83188423AD0D4F8800000688449BC
:1067E000884234D0D4F8800000688149183188424A
:1067F0002DD0D4F8800000687D493031884226D001
:10680000D4F8800000687A49483188421FD0D4F813
:106810008000006876496031884218D0D4F8800042
:10682000006873497831884211D0D4F8800000683C
:106830006F49903188420AD0D4F8800000686C49D2
:10684000A83102E0AEE069E001E0884204D1D4F86A
:1068500080000068406803E0D4F880000068406869
:106860001FFA80F8B8F1000F57D0B4F85C0040452B
:1068700053DDA4F85E80D4F88000C069B0F5807F55
:1068800040D000BF00BF216851E8001F21F4807094
:10689000226842E800010029F5D100BF00BF00BF17
:1068A0002168083151E8001F21F0010021680831FA
:1068B00041E80002002AF3D100BF00BF00BF2168F9
:1068C000083151E8001F21F040002168083141E8FB
:1068D0000002002AF3D100BF2020C4F88C00002061
:1068E000E06600BF00BF216851E8001F21F01000E2
:1068F000226842E800010029F5D100BFD4F88000E9
:10690000F9F72AFF02202067B4F85C00B4F85E2093
:10691000801A81B22046FFF7C5FC5FE634F85C0FB1
:106920006188401A1FFA80F860885C3CC8B3B8F1EF
:10693000000F36D000BF00BF216851E8001F21F4CE
:106940009070226842E800010029F5D100BF00BF25
:1069500000BF2168083151E8001F214AD24301EAF3
:1069600002002168083141E80002002AF1D100BF8D
:106970002020C4F88C000020E066606700BF00BFE4
:10698000216851E8001F21F01000226842E8000150
:106990000029F5D100BF0220206741462046FFF7BD
:1069A00081FC1BE605F4801050B107F4800038B17B
:1069B0004FF48010216808622046FFF7EFFD0DE6D6
:1069C00005F08000B0B106F0800010B907F40000B7
:1069D00080B1A06F10B12046A16F8847FEE500008E
:1069E0000100001020010004E7A30008100002408D
:1069F0001004024005F0400030B106F0400018B12C
:106A0000204603F0D8FCE9E505F4000030B106F0BB
:106A1000804018B12046FFF7C0FDDFE505F080702B
:106A200030B106F0004018B12046FFF757FDD5E51C
:106A300000BFD3E510B504460CB9012010BDA06914
:106A400000B100E000BFD4F8880028B9002084F825
:106A50008400204600F02AF82420C4F8880020682A
:106A6000006820F0010021680860A06A10B120468B
:106A700000F014FF204601F003F8012800D1DDE703
:106A80002068406820F49040216848602068806851
:106A900020F02A00216888602068006840F001002A
:106AA00021680860204600F075FFC7E710B5B6B052
:106AB0000446142130A8F9F779FDB82102A8F9F7A6
:106AC00075FDC949206888427CD102210020CDE9AA
:106AD00002101F9002A8FDF789F808B1F9F729FE06
:106AE00000BFC248006840F48010C04908600846F2
:106AF000006800F48010019000BF00BF00BFBB48D9
:106B00000838006840F00200B849083908600846B3
:106B1000006800F00200019000BF00BF00BF0846FF
:106B2000006840F0080008600846006800F00800AF
:106B3000019000BF00BF4FF4005030900220319010
:106B40000020329033900E20349030A9A848FCF7F2
:106B5000EFFB0420309002203190002032903390DF
:106B60000820349030A9A348FCF7E2FBA248A349CF
:106B70000860412048600021A0488160C1604FF456
:106B8000806101610021416181614FF48071C161C7
:106B90004FF44031016200214162FAF793FF08B1DE
:106BA000F9F7C7FD00BF9548C4F88000846300BFB3
:106BB000002211463520FCF755FD3520FCF73EFD3F
:106BC0000FE1FFE78E49206888427DD10121002036
:106BD000CDE90210209002A8FDF708F808B1F9F7F6
:106BE000A8FD00BF81480830006840F010007F49D0
:106BF000083108600846006800F01000019000BFEE
:106C000000BF00BF79480838006840F001007749AC
:106C1000083908600846006800F00100019000BFD4
:106C200000BF4FF4C06030900220319000203290BD
:106C300033900720349030A97248FCF779FB7248F2
:106C40007249086029204860002170488160C16055
:106C50004FF480610161002141618161C161016284
:106C60004162FAF72FFF08B1F9F763FD00BF6748EB
:106C7000C4F88000846300BF63481830644908602A
:106C80002A2048604021624881600021C1604FF4A1
:106C900080610161002141618161C16101624162E4
:106CA000FAF710FF08B1F9F744FD00BF5848E06754
:106CB000846300BF002211462520FCF7D3FC252069
:106CC000FCF7BCFC8DE0FFE7524920688842F9D10F
:106CD00001210020CDE90210209002A8FCF786FFD8
:106CE00008B1F9F726FD00BF40480830006840F0C1
:106CF00080003E49083108600846006800F08000C6
:106D0000019000BF00BF00BF38480838006840F05D
:106D100010003649083908600846006800F0100085
:106D2000019000BF00BF042030900220319000206D
:106D3000329033900420349030A93748FCF7F8FAA9
:106D400008203090022031900020329033900B20A8
:106D5000349030A93048FCF7EBFA2B4830302F49FB
:106D600008607620486000212C488160C1604FF4A3
:106D700080610161002141618161C1610162416203
:106D8000FAF7A0FE08B1F9F7D4FC00BF2348C4F815
:106D90008000846300BF1C48483021490860772088
:106DA000486040211E4881600021C1604FF480612D
:106DB0000161002141618161C16101624162FAF7B3
:106DC00081FE08B1F9F7B5FC00BF1548E0678463A0
:106DD00000BF002211469C20FCF744FC9C20FCF7DD
:106DE0002DFC36B010BD000000500040E8440258B1
:106DF00000040258000C025810040240100600243F
:106E000000100140000002582800024088060024BB
:106E100000070024001C01400010025878070024DD
:106E2000F007002470477047704700BFFEE700007E
:106E300008B500BF2148006840F001001F49086004
:106E40000846006800F00100009000BF00BF00BFCE
:106E50000846006840F0020008600846006800F03C
:106E60000200009000BF00BF002211460C20FCF77A
:106E7000F9FB0C20FCF7E2FB002211460D20FCF789
:106E8000F1FB0D20FCF7DAFB002211460E20FCF787
:106E9000E9FB0E20FCF7D2FB002211460F20FCF785
:106EA000E1FB0F20FCF7CAFB002211463820FCF75B
:106EB000D9FB3820FCF7C2FB08BD0000D8440258BB
:106EC00010B52048204908600020886000211E4835
:106ED000C1600121017400214174012181740321E9
:106EE00041610A2181611D21C1610A2101620321E1
:106EF00041620A2181621D21C1620A21016340F2BF
:106F0000A4614163032181630421C16308210164F9
:106F100004214164082181640421C16400210165C8
:106F20000421416500218165C165202101660021A0
:106F3000416604218166FBF733FE08B1F9F7F9FBDE
:106F400010BD000000A000404401002410B52048FE
:106F5000204908600020886000211E48C16001218E
:106F600001740021417401218174032141610A21CE
:106F700081611D21C1610A210162032141620A214F
:106F800081621D21C1620A21016340F2A461416353
:106F9000032181630421C163082101640421416448
:106FA000082181640421C164002101650421416537
:106FB00000218165C165202101660021416604210F
:106FC0008166FBF7EDFD08B1F9F7B3FB10BD0000DA
:106FD00000A40040E401002410B5204820490860C6
:106FE0000020886000211E48C16001210174002139
:106FF000417401218174032141610A2181611D21B4
:10700000C1610A210162032141620A2181621D21BD
:10701000C1620A21016340F2A461416303218163DB
:107020000421C163082101640421416408218164B1
:107030000421C164002101650421416500218165AD
:10704000C165202101660021416604218166FBF7AC
:10705000A7FD08B1F9F76DFB10BD000000D400409A
:107060008402002400B587B0142102A8F9F79EFA23
:1070700000BF4A48006840F01000484908600846D0
:10708000006800F01000019000BF00BF00BF08467C
:10709000006840F0040008600846006800F0040042
:1070A000019000BF00BF00BF0846006840F08000AC
:1070B00008600846006800F08000019000BF00BF33
:1070C00000BF0846006840F00200086008460068FB
:1070D00000F00200019000BF00BF00BF084600683A
:1070E00040F0080008600846006800F008000190C1
:1070F00000BF00BF00BF0846006840F00100086004
:107100000846006800F00100019000BF00BF0022A7
:107110004FF420412248FCF70BFA0122910320484A
:10712000FCF706FA4FF4C0400290012003900220C1
:1071300004900020059002A91948FCF7F9F84FF4D3
:10714000004002900120039004900020059002A9C5
:107150001348FCF7EDF84FF4804002904FF4041010
:1071600003900120049002A90E48FCF7E1F84FF4C7
:10717000E05002904FF4041003900120049002A903
:107180000748FCF7D5F8002211462820FCF76AFAD8
:107190002820FCF753FA07B000BD0000E044025875
:1071A000000802580010025800B58BB0002008906B
:1071B00009900A901C2101A8F9F7F8F91848194913
:1071C0000860EF20486000211648816040F2E731F6
:1071D000C1600021016180218161FEF7E6FD08B1F7
:1071E000F9F7A7FA002008900A9008A90D48FEF7C1
:1071F0001DFA08B1F9F79DFA602001900020029075
:1072000003900590042201A90648FEF716FD08B177
:10721000F9F78FFA0348FEF7BFFC0BB000BD000082
:10722000001800400804002400B58BB0002008902E
:1072300009900A901C2101A8F9F7B8F917481849D4
:10724000086000204860002115488160FF21C1606E
:10725000002101618161FEF7A8FD08B1F9F769FA23
:10726000002008900A9008A90D48FEF7DFF908B140
:10727000F9F75FFA6020019000200290039004204B
:1072800005900C2201A90648FEF7D7FC08B1F9F7D2
:1072900050FA0348FEF780FC0BB000BD000400402C
:1072A0002403002400B587B00020039004900590CB
:1072B0000690009001900290134814490860EF2056
:1072C00048600021114881606321C1600021016193
:1072D0008161FEF71DFA08B1F9F72BFA4FF48050DF
:1072E000039003A90948FEF7EFFA08B1F9F721FA6C
:1072F00000200090029069460448FEF797F908B113
:10730000F9F717FA07B000BD000800407003002429
:1073100000B587B00020039004900590069000907F
:1073200001900290144815490860EF204860002140
:107330001248816040F2E731C16000210161816142
:10734000FEF7E6F908B1F9F7F4F94FF4805003902D
:1073500003A90A48FEF7B8FA08B1F9F7EAF90020DC
:107360000090029069460548FEF760F908B1F9F708
:10737000E0F907B000BD0000000C0040BC03002491
:1073800010B5194819490860194848604FF48051F0
:10739000164881604900C160C91001610421416142
:1073A00000218161C1610162416200200F49886250
:1073B0000846FFF73FFB08B1F9F7BBF900210B487E
:1073C000FFF7BCF808B1F9F7B4F900210748FFF757
:1073D00086F808B1F9F7ADF90448FEF70AFF08B1DD
:1073E000F9F7A7F910BD0000005000405404002434
:1073F000A086010010B51848184908604FF41650CF
:107400004860002115488160C16001610C21416123
:1074100000218161C1610162416200200F498862DF
:107420000846FFF707FB08B1F9F783F900210B487D
:10743000FFF784F808B1F9F77CF900210748FFF756
:107440004EF808B1F9F775F90448FEF7D2FE08B115
:10745000F9F76FF910BD0000001C01407C05002405
:1074600010B51848184908604FF4E1304860002111
:1074700015488160C16001610C2141610021816179
:10748000C1610162416200200F4988620846FFF72E
:10749000D1FA08B1F9F74DF900210B48FFF74EF882
:1074A00008B1F9F746F900210748FFF718F808B1C5
:1074B000F9F73FF90448FEF79CFE08B1F9F739F9EE
:1074C00010BD000000100140E804002400BFFEE7EA
:1074D00000BFFEE77047704710B5FCF735F810BDE8
:1074E0002F48006840F470002D4908602D4800685E
:1074F00000F00F00072806D22A48006820F00F008D
:10750000C01D284908602848006840F0010026494D
:10751000086000202449103108602348006823498E
:107520000840214908601F48006800F00F00072844
:1075300006D91C48006820F00F00C01D19490860DA
:107540000020194918310860091D0860091D0860EC
:1075500017481549283108601648091D0860164863
:10756000091D08600020091D08601348091D0860F6
:107570000020091D08601048091D08600020091D31
:1075800008600948006820F480200749086000204E
:1075900005496031086043F2D2000849086070472D
:1075A00088ED00E000200052004402587FEDF6EA2A
:1075B000000202020000FF018002010100400052AF
:1075C00010B50248FEF71BFA10BD0000700300243E
:1075D00010B50248FEF713FA10BD0000BC030024EA
:1075E00010B50268304B98420ED0B0F1804F0BD0EE
:1075F0002E4B984208D02E4B984205D02D4B9842E6
:1076000002D02D4B984203D122F070024B681A43EE
:10761000254B98421DD0B0F1804F1AD0234B984291
:1076200017D0234B984214D0224B984211D0224BB2
:1076300098420ED0214B98420BD0214B984208D053
:10764000204B984205D0204B984202D01F4B9842C5
:1076500003D122F44072CB681A4322F080034C69B4
:1076600043EA040202608B68C3620B6883620E4BBC
:1076700098420BD0104B984208D0104B984205D03E
:107680000F4B984202D00F4B984201D10B69036314
:1076900001234361036903F001031BB1036923F074
:1076A0000103036110BD0000000001400004004020
:1076B00000080040000C0040000401400040014070
:1076C000004401400048014000E0004000E4004068
:1076D00030B501F01F05012404FA05F3046A9C4348
:1076E0000462046A01F01F0502FA05F52C430462E6
:1076F00030BD30B50C46816821F47F4142EA032554
:1077000025432943816030BD30B5026A056A25F002
:107710001005056243688469224D2C4024F44074AE
:107720000D6844EA052422F020028D6842EA051221
:107730001D4DA84200D10FE01C4DA84200D10BE026
:107740001B4DA84200D100BF1A4DA84200D100BF76
:10775000194DA84207D106E022F08002CD6842EA26
:10776000051222F04002104DA8420BD00F4DA84246
:1077700008D00F4DA84205D00E4DA84202D00E4DA4
:10778000A84209D123F4806323F400634D6943EADE
:1077900085038D6943EA8503436084614D68856391
:1077A000026230BDFF8FFFFE000001400004014077
:1077B00000400140004401400048014010B501F084
:1077C00015F9DFED1F0A9FED1E0A042001F0E2F813
:1077D0001C491D4800F076FD1C491D4800F072FD53
:1077E0001C491D4800F06EFD24221C491C4801F074
:1077F000DBF91C491C4801F019F91C491C4801F02F
:1078000015F91C494FF4806000F0CEFD1A494FF481
:10781000006000F0C9FD19494FF4805000F0C4FD2C
:1078200017494FF4804000F0BFFD0F48FDF7E6FF19
:107830000F48FDF7E3FF01201249087010BD00005A
:1078400000000000F9860008440100245987000860
:10785000E4010024D587000884020024198600086A
:10786000540400249D8800087003002485860008C5
:10787000BC0300244586000855860008658600087C
:1078800075860008300100247047000010B50248DA
:10789000FEF786FE10BD00005404002490F8281066
:1078A00001F00801082907D10168496821F4004165
:1078B000826B11430268516090F8281001F00101B9
:1078C00039B10168496821F40031C26A1143026884
:1078D000516090F8281001F00201022907D10168D7
:1078E000496821F48031026B11430268516090F8BD
:1078F000281001F00401042907D10168496821F426
:107900008021426B11430268516090F8281001F009
:107910001001102907D10168896821F48051C26BD8
:1079200011430268916090F8281001F0200120298D
:1079300007D10168896821F40051026C1143026883
:10794000916090F8281001F04001402913D101689E
:10795000496821F48011426C114302685160416C06
:10796000B1F5801F07D10168496821F4C001826C1C
:1079700011430268516090F8281001F080018029BD
:1079800007D10168496821F40021C26C11430268E3
:107990005160704738B504460020C4F89000FBF7EA
:1079A000CDFD05462068006800F00800082821D1B8
:1079B0006FF07E402B4600224FF4001100902046CD
:1079C00000F0D6FBB0B100BF00BF216851E8001F36
:1079D00021F08000226842E800010029F5D100BFB3
:1079E0002020C4F8880000BF002084F8840000BF75
:1079F000032038BD2068006800F00400042830D15E
:107A00006FF07E402B4600224FF48001009020460C
:107A100000F0AEFB28B300BF00BF216851E8001F93
:107A200021F49070226842E800010029F5D100BFDE
:107A300000BF00BF2168083151E8001F21F001009C
:107A40002168083141E80002002AF3D100BF20205C
:107A5000C4F88C0000BF002084F8840000BF03201D
:107A6000C7E72020C4F88800C4F88C000020E06636
:107A7000206700BF84F8840000BF00BFB9E70000A2
:107A80002DE9F04F89B0054600200890F849286894
:107A9000884200D100E000BF2969A86808436969ED
:107AA0000843E96940EA010828680068F14908408C
:107AB00040EA0800296808602868406820F44050BF
:107AC000E968084329684860D5F81880E8492868BB
:107AD000884202D0286A40EA080828688068E64997
:107AE000084040EA0800296888602868C06A20F0D9
:107AF0000F00696A08432968C86200BFDF49286827
:107B0000884220D1DE48006800F03800182811D0E3
:107B100005DC48B1082809D0102811D108E0202838
:107B20000AD028280CD109E001240BE0042409E044
:107B3000082407E0102405E0202403E0402401E0AD
:107B4000802400BF42E1CF492868884219D1CC483F
:107B5000006800F00700062810D2DFE800F00305F7
:107B600007090B0D00240BE0042409E0082407E0BA
:107B7000102405E0202403E0402401E0802400BF1D
:107B800024E1C1492868884219D1BD48006800F045
:107B90000700062810D2DFE800F0030507090B0DE7
:107BA00000240BE0042409E0082407E0102405E089
:107BB000202403E0402401E0802400BF06E1B34913
:107BC0002868884219D1AE48006800F007000628EE
:107BD00010D2DFE800F0030507090B0D00240BE0CD
:107BE000042409E0082407E0102405E0202403E031
:107BF000402401E0802400BFE8E0A54928688842CD
:107C000019D19F48006800F00700062810D2DFE86D
:107C100000F0030507090B0D00240BE0042409E024
:107C2000082407E0102405E0202403E0402401E0BC
:107C3000802400BFCAE097492868884220D1904834
:107C4000006800F03800182811D005DC48B1082879
:107C500009D0102811D108E020280AD028280CD1FA
:107C600009E001240BE0042409E0082407E01024C3
:107C700005E0202403E0402401E0802400BFA5E0CB
:107C800085492868884219D17D48006800F00700BE
:107C9000062810D2DFE800F0030507090B0D0024C9
:107CA0000BE0042409E0082407E0102405E0202468
:107CB00003E0402401E0802400BF87E07749286882
:107CC000884219D16E48006800F00700062810D2DB
:107CD000DFE800F0030507090B0D00240BE0042486
:107CE00009E0082407E0102405E0202403E04024F4
:107CF00001E0802400BF69E069492868884220D1FA
:107D00005F48006800F03800182811D005DC48B141
:107D1000082809D0102811D108E020280AD02828E6
:107D20000CD109E001240BE0042409E0082407E059
:107D3000102405E0202403E0402401E0802400BF5B
:107D400044E058492868884220D14D48006800F036
:107D50003800182811D005DC48B1082809D01028AF
:107D600011D108E020280AD028280CD109E00124EC
:107D70000BE0042409E0082407E0102405E0202497
:107D800003E0402401E0802400BF1FE03849286858
:107D900088421AD13A48001D006800F00700062802
:107DA00010D2DFE800F0030507090B0D02240BE0F9
:107DB000042409E0082407E0102405E0202403E05F
:107DC000402401E0802400BF00E0802400BF284957
:107DD000286888424BD1102C1AD006DC022C09D01E
:107DE000042C0BD0082C29D10DE0202C21D0402CC4
:107DF00024D120E0FBF7B8FC064623E005A8FBF7FA
:107E0000C5FC069E1EE002A8FBF7D8FD039E19E004
:107E10001B4854380068C0F3401040B1184854382B
:107E20000068C0F3C101204820FA01F600E01E4EB0
:107E300008E01E4E06E04FF4004603E00026012055
:107E4000089000BF00BF002E10D01949686A31F8B1
:107E50001000B6FBF0F9686800EB4000484503D815
:107E600068680003484525D20120089007E153E0E7
:107E7000000C0058F369FFCFFFF4FF110010014020
:107E8000544402580044004000480040004C004068
:107E9000005000400014014000780040007C004089
:107EA00000180140001C01400090D00300093D0073
:107EB000DCAC00087849686A31F810C062460023DB
:107EC00030461946F8F784FA4FF4807C00220346C6
:107ED000A3FB0C0B01FB0CB103FB021369684908FF
:107EE00084461CEB010143EB0200CDE90010D5F8FC
:107EF00004C06246002308460199F8F769FA07466C
:107F0000B7F5407F05D3B7F5801F02D22868C76058
:107F1000B5E001200890B2E0E869B0F5004F5BD110
:107F2000082C1AD005DC5CB1012C0DD0042C2DD10D
:107F30000EE0102C16D0202C23D0402C26D122E08D
:107F4000FCF76EFE064625E0FCF77CFE064621E0C7
:107F500005A8FBF71BFC069E1CE002A8FBF72EFD04
:107F6000039E17E04D480068C0F3401038B14B48FD
:107F70000068C0F3C1014A4820FA01F600E0484E0B
:107F800008E0484E06E04FF4004603E000260120DA
:107F9000089000BF00BF7EB33F49686A31F8100007
:107FA000B6FBF0F04000696800EB5100B0FBF1F760
:107FB000102F0ED3B7F5803F0BD24FF6F07007EAC3
:107FC000000AC7F342004AEA000A2868C0F80CA079
:107FD00055E00120089052E0082C1BD005DC64B16C
:107FE000012C0ED0042C2ED10FE0102C17D0202CF9
:107FF00024D0402C27D123E041E0FCF711FE0646B7
:1080000025E0FCF71FFE064621E005A8FBF7BEFBB6
:10801000069E1CE002A8FBF7D1FC039E17E01F4858
:108020000068C0F3401038B11C480068C0F3C101BB
:108030001B4820FA01F600E0194E08E0194E06E050
:108040004FF4004603E000260120089000BF00BF67
:10805000AEB11149686A31F81000B6FBF0F06968FA
:1080600000EB5100B0FBF1F7102F06D3B7F5803FBE
:1080700003D2B8B22968C86001E00120089001204D
:10808000A5F86A00A5F8680000206867A867089846
:1080900009B0BDE8F08F0000DCAC000800440258D5
:1080A0000090D00300093D0070B504460E46154609
:1080B00044F8586FA5800020A06322206063A06A66
:1080C000583CF8B12748241DE16FC8632648E16F8A
:1080D00008642648E16FC8640020E16F086554F821
:1080E000043C03F12401626DE06F241F2B46F9F775
:1080F00073FF38B11020C4F890002020C4F88C0021
:10810000012070BD206960B100BF00BF216851E847
:10811000001F41F48070226842E800010029F5D177
:1081200000BF00BF00BF2168083151E8001F41F0C7
:1081300001002168083141E80002002AF3D100BFA4
:1081400000BF00BF2168083151E8001F41F0400026
:108150002168083141E80002002AF3D100BF002065
:10816000CFE7000009A3000835A20008D7A1000846
:108170002DE9F04104460D4617469846069E41E01B
:10818000701C00283ED0FBF7D9F9A0EB0800B042E4
:1081900000D816B90320BDE8F0812068006800F01F
:1081A000040070B3802D2DD0402D2BD02068C069E5
:1081B000C0F3C00078B1082021680862204602F0B0
:1081C0004DF80820C4F8900000BF002084F8840017
:1081D00000BF0120DFE72068C069C0F3C02080B184
:1081E0004FF4006021680862204602F037F8202032
:1081F000C4F8900000BF002084F8840000BF032072
:10820000C9E7FFE72068C0692840A84201D10120E2
:1082100000E00020B842B3D00020BCE710B502480F
:10822000FEF7BEF910BD00007C05002410B5024821
:10823000FEF7B6F910BD0000E804002400BFFEE719
:108240002DE9F041FCF710FD04460CB9BDE8F081C2
:108250001748466817480068351A1748D0E90020C3
:10826000521940F100001449C1E90020114806608C
:108270002246002303C9F8F7ABF8104908604FF411
:108280007A70B4FBF0F700233A460B4903C9F8F7BC
:108290009FF80A4948600A48B4FBF0F700233A46C1
:1082A000054903C9F8F794F80449886000BFCDE791
:1082B000001000E02001002418010024881D002483
:1082C00040420F0070B504460D461F4920688842A1
:1082D0000FD11E480460456300231A461946204604
:1082E00000F006FB00231A460E21204600F000FB9A
:1082F00026E01749206888420FD11648046045637C
:1083000000231A461946204600F0F2FA00231A46C6
:108310000E21204600F0ECFA12E00F492068884256
:108320000ED10E480460456300231A4610212046F2
:1083300000F0DEFA00231A461A21204600F0D8FA8F
:108340002046FAF739FF70BD00A0004068080024FD
:1083500000A40040A008002400D40040D808002455
:1083600010B5044622464FF400410248FBF7E0F8FE
:1083700010BD00000008025810B5044622464FF414
:1083800000510248FBF7D4F810BD00000008025865
:1083900010B5044622464FF480410248FBF7C8F866
:1083A00010BD000000080258012802D1324A108096
:1083B0005160022803D1314A108051605AE00428EC
:1083C00003D12F4A1080516054E0082803D12D4A70
:1083D000108051604EE0102803D12B4A108051606C
:1083E00048E0202803D1294A1080516042E040280B
:1083F00003D1274A108051603CE0802803D1254AF0
:108400001080516036E0B0F5807F03D1224A1080A1
:1084100051602FE0B0F5007F03D1204A10805160F9
:1084200028E0B0F5806F03D11D4A1080516021E033
:10843000B0F5006F03D11B4A108051601AE0B0F50F
:10844000805F03D1184A1080516013E0B0F5005FDF
:1084500003D1164A108051600CE0B0F5804F03D173
:10846000134A1080516005E0B0F5004F02D1114A67
:10847000108051607047000098000024A000002484
:10848000A8000024B0000024B8000024C00000248C
:10849000C8000024D0000024D8000024E0000024FC
:1084A000E8000024F0000024F8000024000100246B
:1084B00008010024100100242DE9F0418AB007468C
:1084C0000D4690461C46109E019514B9002002905E
:1084D00003E0012C01D1A007029000200390092E97
:1084E0001ED2DFE806F01D05080B0E1114171A0046
:1084F0000120049014E00220049011E00320049075
:108500000EE0042004900BE00520049008E0062013
:10851000049005E00720049002E00820049000BFCA
:1085200000BF0020059006900790089009904246F1
:1085300001A93846F9F794FF0AB0BDE8F0810000C0
:10854000DFED050A60EE200AFCEEE00A10EE900A6C
:10855000024909688863704700007A4408040024CF
:1085600000B59DB04C210AA8F8F720F8202102A8F8
:10857000F8F71CF80220FBF7C7F800BF00200190B5
:108580002448006820F440402249086008460068FA
:1085900000F44040019000BF00BF00BF1D480068CC
:1085A00000F40050B0F5005FF8D101200A900004FB
:1085B0000B900220139002211491159128211691FD
:1085C0000121179104211891022119910C211A916E
:1085D00000211B911C910AA8FCF75CFC08B1F8F77C
:1085E000A8F83F2002900320039000200490082068
:1085F00005904020069007900001089040200990C7
:10860000032102A8FCF756F908B1F8F792F81DB05B
:1086100000BD00001848025870B504460D462146BA
:10862000034800F019FD024800F044FE70BD000050
:10863000941D002410B5FFF703FE0148406810BDEB
:10864000881D002410B5024800F0B0FF10BD0000E6
:10865000341F002410B5024800F0A8FF10BD000030
:108660005C1F002410B5024800F0A0FF10BD000000
:10867000841F002410B5024800F098FF10BD0000D0
:10868000AC1F002410B5FFF7DBFD0E480068401C4E
:108690000C4908600C48007840B901200A4908706C
:1086A00001210A4801F04EF809490870094800788C
:1086B000401C0849087008460078642801DB002047
:1086C000087010BD340100243D0100243E01002447
:1086D0003F0100243C010024DFED050A60EE200A82
:1086E000FCEEE00A10EE900A02490968086470473F
:1086F00000FF7F472403002410B504462068A0F241
:10870000012030B101280AD002280ED0032818D148
:1087100011E004F128010C4801F0D0F812E004F156
:1087200028010A4801F0CAF80CE004F128010848C1
:1087300001F0C4F806E004F12801064801F0BEF893
:1087400000E000BF00BF10BDD41F0024DC200024C7
:10875000E4210024EC22002410B5044641F2310249
:108760002068811A904212D009DCA0F6311068B15D
:10877000012812D0022818D0032826D11DE0012993
:108780000CD0022912D003291FD117E000BF04F139
:1087900028010F4800F0B0FF17E000BF04F12801E6
:1087A0000B48503000F0A8FF0FE000BF04F1280193
:1087B0000748A03000F0A0FF07E000BF04F1280147
:1087C0000348F03000F098FF00BF00BF10BD00006C
:1087D000F423002440F631130268D11A9A4228D0BB
:1087E00012DC40F20123A2EB03019A421ED006DC08
:1087F000012A18D0032A17D0042A20D115E0022913
:1088000015D003291BD113E0B1F5E06F12D004DCC1
:10881000022910D0032912D10FE0A1F2027159B13F
:1088200001290CD10AE00AE009E008E007E006E0CF
:1088300005E000BF03E000BF01E000BF00BF00BFD4
:10884000704770B50246134658781C7840EA0425F4
:1088500031B110460C46467826700678667000BF27
:10886000284670BD70B502461346187800065C783D
:1088700040EA04409C7840EA0420DC7840EA0405A1
:1088800051B110460C46C6782670867866704678D8
:10889000A6700678E67000BF284670BD10B54FF48C
:1088A00080610D48FAF73CFE0C4908704FF40061F6
:1088B0000948FAF735FE0A4908704FF48051064816
:1088C000FAF72EFE074908704FF480410648FAF780
:1088D00027FE0649087010BD000802583801002420
:1088E000390100243A010024001002583B01002401
:1088F000F0B589B007460C4615461E4604F0020046
:1089000010B90020019005E004F0020010B14FF012
:1089100080400190E01002900220039004F00400D7
:1089200010B90120049004E004F0040008B1022012
:1089300004900595069601A93846F9F7DAFD04F08A
:10894000010040B90020034602221146009038463B
:10895000F9F723FE0AE004F0010038B101200346D4
:108960000222114600903846F9F717FE04F0040081
:1089700028B9002201213846F9F71EFD07E004F06E
:10898000040020B1002210213846F9F715FD09B086
:10899000F0BD000010B52DED028B0446F0EE408ACC
:1089A000B0EE608A04F00100FFF7E6FCC4F340007B
:1089B000FFF7EEFCC4F38000FFF7D2FC0C2109485E
:1089C000FDF758FA04210848FDF754FAB0EE680A9A
:1089D000FFF782FEB0EE480AFFF7B2FDBDEC028B56
:1089E00010BD000024030024080400240B48006884
:1089F00040F0807009490860002009494860084635
:108A0000006840F0010008600846406805490860B9
:108A10000021054A1160516070470000FCED00E044
:108A2000001000E020010024180100243F4B0268E0
:108A30009A4203D13E4A1060516076E00268B2F17A
:108A4000804F03D13B4A106051606EE03A4B0268A0
:108A50009A4203D1394A1060516066E0384B02688F
:108A60009A4203D1374A106051605EE0364B02688B
:108A70009A4203D1354A1060516056E0344B026887
:108A80009A4203D1334A106051604EE0324B026883
:108A90009A4203D1314A1060516046E0304B02687F
:108AA0009A4203D12F4A106051603EE02E4B02687B
:108AB0009A4203D12D4A1060516036E02C4B026877
:108AC0009A4203D12B4A106051602EE02A4B026873
:108AD0009A4203D1294A1060516026E0284B02686F
:108AE0009A4203D1274A106051601EE0264B02686B
:108AF0009A4203D1254A1060516016E0244B026867
:108B00009A4203D1234A106051600EE0224B026862
:108B10009A4203D1214A1060516006E0204B02685E
:108B20009A4202D11F4A1060516070470000014014
:108B30001800002420000024000400402800002425
:108B40000008004030000024000C004038000024E1
:108B500000100040400000240014004048000024A1
:108B60000004014050000024001800405800002478
:108B7000001C004060000024002000406800002429
:108B800000400140700000240044014078000024AF
:108B9000004801408000002400E0004088000024DC
:108BA00000E400409000002470B504460D461646CF
:108BB0005949206888420DD158480460C0F80852CD
:108BC000A0F80462B0F8042200F582712046FDF797
:108BD00037FBA0E05249206888420DD1514804601B
:108BE000C0F80852A0F80462B0F8042200F58271BF
:108BF0002046FDF725FB8EE04B49206888420DD1C9
:108C00004A480460C0F80852A0F80462B0F8042290
:108C100000F582712046FDF713FB7CE04449206893
:108C200088420DD143480460C0F80852A0F804629D
:108C3000B0F8042200F582712046FDF701FB6AE0DE
:108C40003D49206888420DD13C480460C0F8085274
:108C5000A0F80462B0F8042200F582712046FDF706
:108C6000EFFA58E03649206888420DD13548046053
:108C7000C0F80852A0F80462B0F8042200F582712E
:108C80002046FDF7DDFA46E02F49206888420DD1E5
:108C90002E480460C0F80852A0F80462B0F804221C
:108CA00000F582712046FDF7CBFA34E028492068B0
:108CB00088420DD127480460C0F80852A0F8046229
:108CC000B0F8042200F582712046FDF7B9FA22E0DF
:108CD0002149206888420DD120480460C0F808521C
:108CE000A0F80462B0F8042200F582712046FDF776
:108CF000A7FA10E01A49206888420CD1194804608C
:108D0000C0F80852A0F80462B0F8042200F582719D
:108D10002046FDF795FA70BD0010014010090024AF
:108D2000004400401C0B002400480040280D002493
:108D3000004C0040340F002400500040401100243B
:108D4000001401404C130024007800405815002402
:108D5000007C0040641700240018014070190024B2
:108D6000001C01407C1B002490ED200A704790ED10
:108D7000210A704710B5012B04D0022B14D0032B0D
:108D800036D123E0012A04D0022A05D0032A09D1D2
:108D900005E000240C7005E004240C7002E00124BE
:108DA0000C7000BF00BF23E0012A04D0022A05D0C6
:108DB000032A09D105E002240C7005E006240C709A
:108DC00002E005240C7000BF00BF11E0012A04D0AE
:108DD000022A05D0032A09D105E002240C7005E01F
:108DE00004240C7002E003240C7000BF00BF00BF1D
:108DF00000BF10BD0FB4BDF8041040F2FF720A406E
:108E0000BDF8181040F2FF7319408A4221D1BDF815
:108E10000510C1F3CA02BDF81910C1F3CA018A4294
:108E200017D1DDF80510C1F38A32DDF81910C1F34E
:108E30008A318A420DD1BDF80810C1F34A02BDF84B
:108E40001C10C1F34A018A4203D1002180F8751039
:108E500002E0012180F8751004B0704701468920B6
:108E6000405C7047F0B58DB00446206800F5827113
:108E7000122204F11000F7F767FB206800F58275F5
:108E80002888002140F2FF7700EA070209401046D7
:108E900001F0BCFE00EE100AD4ED020A30EE600ACA
:108EA000D4ED030A80EE201A84ED1E1AB5F80100F5
:108EB000C0F3CA020021104601F0A8FE00EE100A1D
:108EC000D4ED020A30EE600AD4ED030A80EE201AD7
:108ED00084ED1F1AD5F80100C0F38A320021104634
:108EE00001F094FE00EE100AD4ED020A30EE600AA2
:108EF000D4ED030A80EE201A84ED201AA888C0F36E
:108F00004A020021104601F081FE00EE100AD4ED65
:108F1000020A30EE600AD4ED030A80EE201A84EDD6
:108F2000211A2720005DC0F38110C3B26879C0F315
:108F30008110C2B204F188012046FFF71BFF2720F1
:108F4000005DC0F30110C3B26879C0F30110C2B272
:108F500004F189012046FFF70DFF00BF94F8760069
:108F6000002848D1B5F9060000EE100AB8EEC00A94
:108F7000DFED380A80EE201A84ED231AB5F90800D7
:108F800000EE100AB8EEC00ADFED320A80EE201AB9
:108F900084ED241AB5F90A0000EE100AB8EEC00AF2
:108FA000DFED2C0A80EE201A84ED251A2E20035DB9
:108FB0002A7B04F19801204600F063F82F20035D1E
:108FC0006A7B04F19901204600F05BF8002610E06E
:108FD000208E80B2304100F00103E88980B2304138
:108FE00000F0010204F19A008119204600F049F8CE
:108FF000761C102EECDB288A002140F2FF7700EA75
:1090000007020940104601F001FE00EE100AD4EDFF
:10901000020A30EE600AD4ED030A80EE201A84EDD5
:109020002B1A122204F1100102A8F7F78DFAD4F8D6
:109030002E100091608EADF80400122204F122017E
:1090400008A8F7F73CFA204608A90EC9FFF7D2FE98
:109050000DB0F0BD0000004770B504460D46206E0F
:10906000401C20662046FFF7FDFE206800F5827157
:10907000122204F12200F7F722FA70BD90ED2B0ABC
:10908000704710B513B1012B18D10BE012B1012AB2
:1090900006D102E000240C7002E002240C7000BF34
:1090A00000BF0BE012B1012A06D102E003240C70CC
:1090B00002E001240C7000BF00BF00BF00BF10BD64
:1090C00010B52DED068B0446204600F0FCF89FED10
:1090D000760AB0EE409A9FED740AF0EE409A94F84A
:1090E000750801287ED194F874080028FAD120462A
:1090F000FFF73AFEF0EE40AA01F07CFD04F50060B7
:10910000D0ED1E0AB4EEE00AF1EE10FA03DD2046BF
:10911000FFF72AFE01E09FED640AB0EE408A204688
:10912000FFF725FEF0EE40AA01F064FD04F50060B3
:10913000D0ED1E0AB4EEE00AF1EE10FA03DD20468F
:10914000FFF715FE01E09FED580AF0EE408A204639
:10915000FFF794FFF0EE40AA01F04CFD04F500602B
:10916000D0ED1E0AB4EEE00AF1EE10FA03DD20465F
:10917000FFF784FF01E09FED4C0AB0EE40AA28EE15
:10918000080AF0EE000A80EE201AB7EE000A30EE70
:10919000410AF0EE40AA01F09FFC60EE280A04F1BB
:1091A000B00000F5806191EDCC0A20EE800AB0EEAF
:1091B000409A28EEA80AB0EE001AC0EE010AB7EEF7
:1091C000000A30EE600AF0EE40AA01F085FCF1EEF4
:1091D000480A60EE200A04F1B00000F5806191EDCC
:1091E000CD0A00E05CE020EE800AF0EE409A00BF7D
:1091F00091EDCE0A20EE0A0A2C4880ED000A2C4898
:1092000090ED000A2948D0ED000A30EE200A2848E7
:1092100080ED000A2046FFF721FE28B9012104F164
:10922000B00000F00CF93AE02046FFF717FE0628E0
:1092300018D1022104F1B00000F001F9B0EE490AA2
:1092400004F1B00000F0F1F8B0EE690A04F1B000EA
:1092500000F0F0F8164890ED000A04F1B00000F0BC
:10926000DFF81CE02046FFF7F9FD032817D10221A3
:1092700004F1B00000F0E3F8B0EE490A04F1B000E8
:1092800000F0D3F8B0EE690A04F1B00000F0D2F8B3
:10929000064890ED000A04F1B00000F0C1F800BFEC
:1092A000BDEC068B10BD000000000000280100246A
:1092B0002C01002410B50446204600F004F8204696
:1092C000FFF7FEFE10BD10B50446204600F00CF876
:1092D00094F87408022803D0012084F8750802E08D
:1092E000002084F8750810BD10B504462046FFF72D
:1092F0003BFDB5EEC00AF1EE10FA1FD12046FFF794
:1093000036FDB5EEC00AF1EE10FA17D100BF94EDAC
:109310001E0AB5EEC00AF1EE10FA0FD100BF94EDAF
:109320001F0AB5EEC00AF1EE10FA07D12046FFF78A
:10933000A5FEB5EEC00AF1EE10FA03D0002084F8C5
:10934000740832E000BF94ED230AB5EEC00AF1EED6
:1093500010FA1FD100BF94ED240AB5EEC00AF1EE59
:1093600010FA17D100BF94ED250AB5EEC00AF1EE50
:1093700010FA0FD100BF94F89C0058B900BF94F8C0
:109380009D0038B900BF94F89A0018B900BF94F84E
:109390009B0018B1012084F8740806E000BF94F81F
:1093A000740010B9022084F8740810BD70B504234D
:1093B000994200DB70BD00F2A472525C8AB901EBE5
:1093C000411600F5C87505EBC60292ED340A00F5AA
:1093D000F56202EB810282ED000A012500F2A4721F
:1093E000555490F8A427012A0FD140F2A572125CBF
:1093F000012A0AD140F2A672125C012A05D140F27C
:10940000A772125C012A00D100E00022144690F8F5
:10941000F0261AB914B1022280F8F02600BFC9E77D
:1094200000F5806181EDF00A704700F5806181ED03
:10943000EE0A704700F5806181EDEF0A704780F811
:10944000F016704770B50446204601F0FDFA044658
:10945000503001F0F9FAA0F15004503001F0F4FA64
:10946000A0F1A004042328224349503001F040FB1E
:10947000A0F1F00404234FF484724049A03001F0BD
:1094800037FBA0F5C874042350223D4900F58460E1
:1094900001F02EFBA0F5B664002084F8F00604F578
:1094A000E060384B93E82600DB68061D26C60361A2
:1094B000354D2ECD9FED350A14302EC004F5806059
:1094C00080EDC90A9FED310A80EDCA0A9FED2F0A8F
:1094D00080EDCB0A9FED2D0A80EDCC0A9FED2B0A83
:1094E00080EDCD0A9FED290A80EDCE0A9FED270A77
:1094F00080EDCF0A04F5E060254D2ECD00F1400649
:109500002EC6244D2ECD9FED210A50302EC004F5DD
:10951000806080EDD80AB7EE000A80EDD90A9FED91
:109520001E0A80EDDA0A9FED1C0A80EDE30A9FED2A
:109530001B0A80EDE40A04F5F060194D2ECD1430BD
:109540002EC040F2A47017490968015104F5F0607B
:10955000154D2ECD9FED0D0A28302EC004F58060EC
:1095600080EDEE0A9FED090A80EDEF0A9FED070AF4
:1095700080EDF00A204670BD03960008D5980008DB
:109580000D97000814AD000824AD0008000000008D
:1095900034AD000844AD0008CDCCCC3D6666A63F96
:1095A00054AD000864AD000868AD000810B504466D
:1095B000FFF740F8E060E068B0F57A7F20D9F9F76E
:1095C000BDFF6061D4E90501401AE061D4E90701FB
:1095D000884210D214F8240F401C20702078617843
:1095E000243C88420ADB217CA068FFF7DFFE0020D4
:1095F00084F8240002E0002084F824006069A0615F
:1096000010BD0021C160C16140F6B8310162002186
:1096100080F82410032180F825107047FEB5044619
:10962000206800796168884200D0FEBD20684068EB
:10963000060A092E02D0102E51D138E0206800F120
:109640002C0502A92846FFF70DF901A9281DFFF7EF
:10965000F8F86946A81DFFF7F4F8207E00EE100A1E
:10966000F8EE400A9DED020AB8EEC01A81EE200A1B
:10967000DFED1D0A20EE200A84ED0A0ABDF9040080
:1096800000EE100AB8EEC00AF2EE040A80EE201ACC
:1096900084ED0B1ABDF9000000EE100AB8EEC00A06
:1096A000DFED120A80EE201A84ED0C1A18E0206813
:1096B00000F12C0502A9A81DFFF7C3F8BDF80800AA
:1096C00000EE100AF8EE400A9FED091A80EE810ABA
:1096D000DFED080A20EE200A84ED0D0A00E000BF4D
:1096E00000BF00BFA1E700005077D63D00007A44DC
:1096F0000000484235FA8E3C70B504460D46E069DC
:10970000401CE0612046FFF789FF70BD0021C16168
:10971000016280F824109FED0A0A80ED0F0A9FED88
:10972000080A80ED100A9FED060A80ED110A9FEDF0
:10973000040A80ED120AB0EE080A80ED130A7047A1
:10974000000000007CB505460C4615480470012C4D
:1097500006D0022C07D0032C08D0042C0CD108E032
:10976000112001900AE02120019007E031200190B2
:1097700004E04120019001E000207CBD00BF9DF885
:10978000040008490870022007490090002301AA3C
:1097900008684FF48071FEF78FFE0120EDE70000AE
:1097A000250100242401002468080024FEB5044695
:1097B000D4F8A00000F12C0502A92846FFF741F8D3
:1097C00001A9A81CFFF73DF86946281DFFF739F8E5
:1097D000E420005BBDF80810081A06B2B4F8B41013
:1097E000484200EBD071B6EB610F05DAEC2000596E
:1097F000401CEC2108510BE0B4F8B40000EBD07130
:10980000B6EB610F04DDEC200059401EEC2108513D
:10981000EC200059B4F8B410BDF8082000FB012179
:10982000E820015194ED3A0AF8EEC00AB4F8B40009
:1098300000EE100AB8EE401A80EE810AF0EE000A3F
:1098400020EE200ADFED1A0A20EE200AD4ED2B0AC2
:1098500080EE201A84ED341ABDF9040000EE100ADF
:10986000B8EEC00ADFED130A20EE200AD4ED2B0A71
:1098700080EE201A84ED351AD4ED2E0ABDF90000D1
:1098800000EE100AB8EEC00A80EE201A84ED361AF7
:10989000A87900EE100AB8EE400ADFED070A30EEB4
:1098A000200A84ED370ABDF80810E4200151FEBDFE
:1098B000DB0F49405077D63D3393884370B504465B
:1098C0000D46D4F8C000401CC4F8C0002046FFF785
:1098D0006DFF70BD10B50446204601F0B5F8044692
:1098E000503001F0B1F8A0F150044FF4005024F8CA
:1098F000B40F9FED150A84ED010AB2EE040A84ED5F
:10990000020A0020E0609FED110A206184ED050A43
:109910002076042084F83C009FED0C0A84ED100AA8
:109920009FED0A0A84ED110A9FED080A84ED120AE0
:109930009FED060A84ED130A9FED040A84ED140AD4
:10994000B43C204610BD000000007A440000000036
:10995000F0B5856D846D984F0668BE4270D0964F05
:1099600018370668BE426BD0934F30370668BE4248
:1099700066D0914F48370668BE4261D08E4F60373F
:109980000668BE425CD08C4F78370668BE4257D01E
:10999000894F90370668BE4252D0874FA837066875
:1099A000BE424DD0854F0668BE4249D0834F18371E
:1099B0000668BE4244D0814F30370668BE423FD071
:1099C0007E4F48370668BE423AD07C4F6037066803
:1099D000BE4235D0794F78370668BE4230D0774FD7
:1099E00090370668BE422BD0744FA8370668BE4237
:1099F00026D0734F0668BE4222D0714F14370668D6
:109A0000BE421DD06E4F28370668BE4218D06C4F3C
:109A10003C370668BE4213D0694F50370668BE42D5
:109A20000ED0674F64370668BE4209D0644F78375E
:109A30000668BE4204D0624F8C370668BE4201D130
:109A4000012600E000263EB1D0E919767E60C66EA0
:109A500016B1D0E91C767E60574F0668BE4249D0E9
:109A6000554F18370668BE4244D0534F303706680A
:109A7000BE423FD0504F48370668BE423AD04E4FA4
:109A800060370668BE4235D04B4F78370668BE4215
:109A900030D0494F90370668BE422BD0464FA8378A
:109AA0000668BE4226D0454F0668BE4222D0434FCC
:109AB00018370668BE421DD0404F30370668BE4298
:109AC00018D03E4F48370668BE4213D03B4F603730
:109AD0000668BE420ED0394F78370668BE4209D0BC
:109AE000364F90370668BE4204D0344FA837066818
:109AF000BE4201D1012600E00026DEB190F85C6094
:109B000006F01F073F26BE40AE600668366826F4A2
:109B1000802607683E60066873608668402E04D120
:109B20000668B2600668F16044E00668B1600668E5
:109B3000F2603FE0224F0668BE4222D0204F143729
:109B40000668BE421DD01E4F28370668BE4218D098
:109B50001B4F3C370668BE4213D0194F503706687A
:109B6000BE420ED0164F64370668BE4209D0144F6D
:109B700078370668BE4204D0114F8C370668BE4263
:109B800001D1012600E00026A6B190F85C6006F045
:109B90001F070126BE406660066873608668402E17
:109BA00004D10668B2600668F16003E00668B1603F
:109BB0000668F260F0BD0000100002401004024090
:109BC00008540258014600208A69D2B98A6A32B123
:109BD000012A0DD0022A03D0032A10D10EE000BFC3
:109BE000CA6A02F08072B2F1807F00D1012007E0E2
:109BF000CA6AB2F1C07F00D1012001E000E000BFDD
:109C000036E08A69B2F5005F1BD18A6A32B1012A57
:109C100007D0022A03D0032A11D10AE000BF012095
:109C20000EE0CA6A02F08072B2F1807F00D101209A
:109C300006E0CA6AB2F1C07F00D1012000E000BF97
:109C400016E08A6A32B1012A05D0022A04D0032A1A
:109C50000CD103E000BF00BF012008E0CA6A02F097
:109C60008072B2F1807F00D1012000E000BF00BF10
:109C7000704700000146374A0868904249D0354A8B
:109C800018320868904244D0324A30320868904214
:109C90003FD0304A4832086890423AD02D4A60326C
:109CA0000868904235D02B4A78320868904230D00C
:109CB000284A9032086890422BD0264AA832086879
:109CC000904226D0244A0868904222D0224A183274
:109CD000086890421DD0204A30320868904218D05F
:109CE0001D4A48320868904213D01B4A6032086807
:109CF00090420ED0184A78320868904209D0164A2D
:109D000090320868904204D0134AA8320868904202
:109D100001D1012000E00020B0B10A78103A1823E8
:109D2000B2FBF3F000F007020C4B9A5CCA65032803
:109D300005D90A686FF30902121D8A6503E00A68F3
:109D40006FF309028A6503E0086820F0FF00886568
:109D5000886D7047100002401004024076AC000885
:109D600010B502682B4C0368A34222D0294C14344E
:109D70000368A3421DD0274C28340368A34218D09F
:109D8000244C3C340368A34213D0224C5034036863
:109D9000A3420ED01F4C64340368A34209D01D4C6B
:109DA00078340368A34204D01A4C8C340368A3426D
:109DB00001D1012300E000238BB10378083B142478
:109DC000B3FBF4F1144B03EB81030366124B8033B6
:109DD000436601F01F040123A340836618E0037863
:109DE000103B1824B3FBF4F10C4B9A4204D80B4BF4
:109DF000A83B9A4200D30831094B03EB8103036669
:109E0000074B8033436601F01F040123A3408366A0
:109E100010BD00000854025800580258B80402400F
:109E2000000802400179A9B3082940D8204B0268F4
:109E30009A4222D01E4B143302689A421DD01C4B0A
:109E4000283302689A4218D0194B3C3302689A4270
:109E500013D0174B503302689A420ED0144B643320
:109E600002689A4209D0124B783302689A4204D0B1
:109E70000F4B8C3302689A4201D1012200E000228C
:109E80004AB14A1E0B4B03EB8202C266094A4032BA
:109E9000026708E00BE04A1E074B03EB8202C26632
:109EA000054A403202674A1E0123934043677047C8
:109EB00008540258005902580009024030B5026A9D
:109EC000056A25F00105056243688469204D2C4030
:109ED00024F003040D682C4322F002028D682A430B
:109EE0001C4DA84200D10FE01B4DA84200D10BE051
:109EF0001A4DA84200D107E0194DA84200D103E055
:109F0000184DA84206D100BF22F00802CD682A43AE
:109F100022F004020F4DA8420BD00F4DA84208D0EA
:109F20000E4DA84205D00E4DA84202D00D4DA842BC
:109F300007D123F4807323F400734D692B438D699B
:109F40002B43436084614D684563026230BD00006D
:109F50008FFFFEFF0000014000040140004001406F
:109F6000004401400048014030B5026A056A25F40A
:109F7000807505624368C469224D2C4024F00304B7
:109F80000D682C4322F400728D6842EA05221E4DB2
:109F9000A84200D10FE01D4DA84200D10BE01C4D9E
:109FA000A84200D100BF1B4DA84200D100BF1A4DEE
:109FB000A84207D106E022F40062CD6842EA0522F9
:109FC00022F48062104DA8420BD0104DA84208D058
:109FD0000F4DA84205D00F4DA84202D00E4DA84209
:109FE00009D123F4805323F400534D6943EA051348
:109FF0008D6943EA05134360C4614D68C56302621D
:10A0000030BD00008FFFFEFF000001400004014052
:10A0100000400140004401400048014030B5036A5F
:10A02000056A25F4805505624468C269124D2A40CC
:10A0300022F440720D6842EA052223F400538D6831
:10A0400043EA05330D4DA8420BD00D4DA84208D070
:10A050000C4DA84205D00C4DA84202D00B4DA84291
:10A0600004D124F480444D6944EA85144460C261FB
:10A070004D680564036230BDFF8FFFFE00000140A4
:10A0800000040140004001400044014000480140FC
:10A0900030B5026A056A25F4803505624368446D6F
:10A0A000114D2C400D682C4322F400320D8942EAF8
:10A0B00005420E4DA8420BD00D4DA84208D00D4DC3
:10A0C000A84205D00C4DA84202D00C4DA84204D1A4
:10A0D00023F480334D6943EA0523436044654D68AA
:10A0E0008565026230BD00008FFFFEFF0000014069
:10A0F000000401400040014000440140004801408C
:10A1000030B5026A056A25F4801505624368446D1E
:10A11000114D2C400D6844EA052422F400120D89EB
:10A1200042EA05520D4DA8420BD00D4DA84208D071
:10A130000C4DA84205D00C4DA84202D00B4DA842B0
:10A1400004D123F480234D6943EA852343604465A9
:10A150004D68C565026230BDFF8FFFFE0000014003
:10A16000000401400040014000440140004801401B
:10A170000A468168034B194042F007031943816086
:10A18000704700008FFFCFFF30B50B461446026AC0
:10A19000056A25F001050562816921F0F00141EAB7
:10A1A000041122F00A021A438161026230BD30B507
:10A1B0000B461446026A056A25F01005056281699E
:10A1C00021F4704141EA043122F0A00242EA031274
:10A1D0008161026230BD2DE9F0410546AC6BD4F8D7
:10A1E0008860D4F88C702068806800F08000802837
:10A1F00007D1212E05D10020A4F85600204600F0FA
:10A2000063F82068806800F04000402807D1222FC2
:10A2100005D10020A4F85E00204600F01FF8D4F815
:10A22000900040F01000C4F890002046FCF7B7F909
:10A23000BDE8F08170B50546AC6B01202067E06E8B
:10A24000012806D1B4F85C0041082046FCF72AF842
:10A2500002E02046FCF7E7FD70BD000000BF00BF34
:10A26000026852E8002F22F49071036843E800125C
:10A27000002AF5D100BF00BF00BF0268083252E8D3
:10A28000002F104B02EA03010268083242E8001373
:10A29000002BF2D100BFC16E01290CD100BF00BF5D
:10A2A000026852E8002F22F01001036843E8001210
:10A2B000002AF5D100BF2021C0F88C100021C16612
:10A2C00041677047FEFFFFEF00BF00BF026852E822
:10A2D000002F22F0C001036843E80012002AF5D1E4
:10A2E00000BF00BF00BF0268083252E8002F22F40E
:10A2F00000010268083242E80013002BF3D100BFCE
:10A300002021C0F88810704770B50546AC6BE8692D
:10A31000B0F5807F40D00020A4F85E0000BF00BFF1
:10A32000216851E8001F21F48070226842E8000192
:10A330000029F5D100BF00BF00BF2168083151E8F6
:10A34000001F21F001002168083141E80002002AC5
:10A35000F3D100BF00BF00BF2168083151E8001FE2
:10A3600021F040002168083141E80002002AF3D1C1
:10A3700000BF2020C4F88C00E06E01280CD100BF83
:10A3800000BF216851E8001F21F01000226842E858
:10A3900000010029F5D100BF00202067E06E0128F0
:10A3A00005D1B4F85C102046FBF77CFF02E02046A4
:10A3B000FCF738FD70BD10B5044600BF00BF216832
:10A3C00051E8001F21F04000226842E80001002906
:10A3D000F5D100BF2020C4F888000020A0672046E7
:10A3E000FCF722FD10BD70B50546AC6B0020A4F84B
:10A3F0005E00A4F856002046FCF7D1F870BD0000BE
:10A400002DE9F041054614461E46D1F804C0BCF1C2
:10A41000000F0AD1D1F810C0D1F808804CEA080C1E
:10A42000B1F800804CEA88430BE0D1F810C04CF042
:10A43000804CD1F808804CEA080CD1F800804CEA36
:10A44000080391F82080D1F81CC04CEA086CD1F8C0
:10A4500018804CEA080CD1F814804CEA080CB1F8CA
:10A460000C804CEA0847D5F868C00CFB06FCD5F810
:10A47000848008EB8C021360121D1760121D0020EF
:10A4800019E000F1030C14F80CC04FEA0C6800F15D
:10A49000020C14F80CC048EA0C4800F1010C14F846
:10A4A0000CC048EA0C2C14F800804CEA080CC2F8E6
:10A4B00000C0121D001DDFF81480D1F80CC018F880
:10A4C0000CC08445DDD8BDE8F081000080AC0008F8
:10A4D00010B501464A6B0868D0F884004FF6FC744A
:10A4E000A04340EA82000C68C4F884000868D0F8F1
:10A4F000840020F47F04088F44EA00400C68C4F80C
:10A500008400886B02440868D0F888004FF6FC7419
:10A51000A04340EA82000C68C4F888000868D0F8BC
:10A52000880020F4FE04888F44EA00400C68C4F8D8
:10A530008800C86B02EB40020868D0F8A0004FF614
:10A54000FC74A04340EA82000C68C4F8A0000868CC
:10A55000D0F8A00020F4FE044020405A44EA004015
:10A560000C68C4F8A000D1E9104004FB0022086880
:10A57000D0F8B0004FF6FC74A04340EA82000C68AB
:10A58000C4F8B0000868D0F8B00020F4FE04B1F8B8
:10A59000480044EA00400C68C4F8B000D1E9124019
:10A5A00004FB00220868D0F8AC004FF6FC74A0430E
:10A5B00040EA82000C68C4F8AC00D1E9144004FB06
:10A5C00000220868D0F8F0004FF6FC74A04340EA7F
:10A5D00082000C68C4F8F0000868D0F8F00020F49D
:10A5E0007C14B1F8580044EA00400C68C4F8F0004C
:10A5F000886D02EB40020868D0F8C0004FF6FC748A
:10A60000A04340EA82000C68C4F8C0000868D0F893
:10A61000C00020F47C14B1F85C0044EA00400C68EF
:10A62000C4F8C0000868D0F8C00020F07C5491F84D
:10A63000600044EA00600C68C4F8C0002A4C486B13
:10A6400004EB8000C866CC6E886B04EB80040C675A
:10A650000C6FC86B04EBC0044C67D1E91004604375
:10A660004C6F04EB80048C67D1E9120460438C6F5B
:10A6700004EB8004CC67D1E914046043CC6F04EB95
:10A680008004802044504458886D04EBC00484202A
:10A6900044508C6EC86D60438424645804EB80047D
:10A6A000882044508C6E086E60438824645804EB04
:10A6B00080049020445040580C4CA04209D9983155
:10A6C000486840F020004860032001F89809012004
:10A6D00010BDCB6E02E0002018601B1D902040587A
:10A6E0009842F8D80020F3E700AC0040FCD30040CB
:10A6F00010B5002804DB0A07130E054A135406E0C0
:10A700000A07140E034A00F00F031B1FD45410BD98
:10A7100000E400E018ED00E002480068C0F3022009
:10A72000704700000CED00E02DE9F04104460E46B4
:10A7300000275548006800F00300032802D10120DB
:10A74000BDE8F08150482838006820F080604E490C
:10A7500028390860F8F7F2FE054606E0F8F7EEFE45
:10A76000401B022801D90320EAE74748283800683F
:10A77000C0F3C0600028F1D100BF4348006820F456
:10A780007C30216840EA01303F490860A088401EC3
:10A79000C0F30800A168491E4FF47E4202EA41213D
:10A7A0000843A189491ED20102EA01410843217CE4
:10A7B000491E120202EA0161084333491031086060
:10A7C00000BF3148001D006820F0C00061690843E7
:10A7D0002D49091D08600846006820F02000A16985
:10A7E00008432949091D08600846006820F0100048
:10A7F00008602548143000684FF6F8718843E16915
:10A8000040EAC1002049143108601F48001D00685B
:10A8100040F010001C49091D08602EB90846006868
:10A8200040F40020086012E0012E08D11648001DF7
:10A83000006840F480101449091D086007E01248C0
:10A84000001D006840F400100F49091D08600E4803
:10A850002838006840F080600B4928390860F8F714
:10A860006DFE054606E0F8F769FE401B022801D997
:10A87000032065E7044828380068C0F3C06000285A
:10A88000F1D038465CE70000284402582DE9F04139
:10A8900004460E4600275548006800F003000328D0
:10A8A00002D10120BDE8F08150482838006820F02E
:10A8B00080504E4928390860F8F740FE054606E00A
:10A8C000F8F73CFE401B022801D90320EAE747487D
:10A8D00028380068C0F340700028F1D100BF434819
:10A8E000006820F07C70218840EA01503F490860F0
:10A8F000A088401EC0F30800A168491E4FF47E42A4
:10A9000002EA41210843A189491ED20102EA01411C
:10A910000843217C491E120202EA016108433349BF
:10A920001831086000BF3148001D006820F4406005
:10A93000616908432D49091D08600846006820F434
:10A940000070A16908432949091D0860084600688C
:10A9500020F48070086025481C3000684FF6F871BC
:10A960008843E16940EAC10020491C3108601F4862
:10A97000001D006840F480701C49091D08602EB954
:10A980000846006840F48000086012E0012E08D1FB
:10A990001648001D006840F400001449091D0860B5
:10A9A00007E01248001D006840F080700F49091D43
:10A9B00008600E482838006840F080500B4928395C
:10A9C0000860F8F7BBFD054606E0F8F7B7FD401B49
:10A9D000022801D9032065E7044828380068C0F33D
:10A9E00040700028F1D038465CE700002844025847
:10A9F00070B5456E2DB90125A0F86A50A0F86850D1
:10AA00001CE0102310240568AD68C5F34261056899
:10AA1000AD686A0F0A4DAD5C15FB04F5094EB65CD6
:10AA200095FBF6F5A0F86A50054D6D5C15FB03F536
:10AA3000044E765C95FBF6F5A0F8685070BD0000FA
:10AA4000F4AC0008FCAC00089FED220A80ED030A7C
:10AA50009FED200A80ED040A9FED1E0A80ED050A95
:10AA60009FED1C0A80ED060A9FED1A0A80ED070A89
:10AA70009FED180A80ED080A9FED160A80ED090A7D
:10AA80009FED140A80ED0A0A9FED120A80ED0B0A71
:10AA90009FED100A80ED0C0A9FED0E0A80ED0D0A65
:10AAA0009FED0C0A80ED0E0A9FED0A0A80ED0F0A59
:10AAB0009FED080A80ED100A9FED060A80ED110A4D
:10AAC0009FED040A80ED120A9FED020A80ED130A41
:10AAD000704700000000000010B52DED028BB0EEB5
:10AAE000408AB0EE480A00F015F8BDEC028B10BDAC
:10AAF0002DE9F0411C4617460E00804607D005465A
:10AB000002E02846B0473D442046641EF9D2404644
:10AB1000BDE8F08110B52DED028BB1EEC08A18EEC4
:10AB2000100A20F00040C0F1FF40C00F0AD010EE24
:10AB3000100A20F00040C0F1FF40C00F04BF012008
:10AB4000F5F775FDB0EE480ABDEC028B10BD0000B4
:10AB500010B5134C9FED130A04F1580084ED020A5E
:10AB60009FED110A84ED030A002121666166A1664A
:10AB7000E16601834183017741778177C17758305E
:10AB8000FEF760FCA0F1B004022084F874080020F5
:10AB900084F87508012084F87608044800BF10BDC9
:10ABA000941D002400008044000025443E01002440
:10ABB000F8F7D6FCFDF7D4FCFCF754FAFCF738F9AB
:10ABC000FCF7A6FBFCF77CF9FCF72EFBFCF7ECFA94
:10ABD000FCF7BCF9FCF700FAFCF7D2FBFCF740FCF1
:10ABE000FCF708FCFCF75EFBFCF7E8FD01E0FCF776
:10ABF0004BFEFCE7F0EE400AF5EEC00AF1EE10FA6B
:10AC000000BFB1EE600A30FE800A70474FF07E52FE
:10AC100009E011F0004204D54042C1F1000138BF03
:10AC2000491E42F07E520B0002F1706212BF2023D7
:10AC30005FEA00017047B1FA81FCA3EB0C0301FA53
:10AC40000CF120FA03FC02EBC352C3F1200341EAEA
:10AC50000C0110FA03FC5CEA416C42EB112018BFB6
:10AC60005FF0806C28BF20F0010070474FF040700B
:10AC7000E1EE100A704700061016000610160000DC
:10AC80000001020304050607080C101418203040C8
:10AC900000000000000000000000000000000000B4
:10ACA000000000000100000002000000030000009E
:10ACB000040000000000000005000000000000008B
:10ACC000000000000000000006000000000000007E
:10ACD000000000000000000007000000010002006A
:10ACE0000400060008000A000C00100020004000CC
:10ACF00080000001010101030701000008040204B3
:10AD00000801010100000000010203040102030424
:10AD10000607080900000000000000000000000015
:10AD200000000000000040BF333313C03333134032
:10AD30000000403F00004040000040400000404014
:10AD40000000404000000000000000000000000083
:10AD5000000000006666A63F6666A63F6666A63FE0
:10AD60006666A63F00000000000000000000000032
:10AD700000000000000000009CAD0008000000245E
:10AD80004401000008030008ACAD000844010024A1
:10AD90002C2B000044030008B9FDFFFF9142105224
:0CADA0000108FF90D0030090D003012FA9
:04000005080002CD20
:00000001FF
